﻿<?xml version="1.0" encoding="utf-8"?>
<Defs>
  <WHands.ClutterHandsTDef>
    <defName>ClutterHandsSettings_DishonoredArmorandWeapons</defName>
    <label>Weapon hand settings</label>
    <thingClass>Thing</thingClass>
    <WeaponCompLoader>
      <li>
        <MainHand>(-0.212, 0.100, -0.151)</MainHand>
        <SecHand>(0.228, -0.100, -0.036)</SecHand>
        <ThingTargets>
          <li>DishonoredCrossbow</li>
          <!-- crossbow -->
        </ThingTargets>
      </li>
      <li>
        <MainHand>(-0.255, 0.100, 0.041)</MainHand>
        <ThingTargets>
          <li>DishonoredFoldingBlade</li>
          <!-- folding blade -->
        </ThingTargets>
      </li>
      <li>
        <MainHand>(-0.360, 0.100, 0.018)</MainHand>
        <ThingTargets>
          <li>DishonoredGangCleaver</li>
          <!-- gang cleaver -->
        </ThingTargets>
      </li>
      <li>
        <MainHand>(-0.156, 0.100, -0.083)</MainHand>
        <SecHand>(0.128, -0.100, -0.064)</SecHand>
        <ThingTargets>
          <li>DishonoredWristbow</li>
          <!-- wristbow -->
        </ThingTargets>
      </li>
    </WeaponCompLoader>
  </WHands.ClutterHandsTDef>
</Defs>