﻿<?xml version="1.0" encoding="utf-8"?>
<Defs>
  <WHands.ClutterHandsTDef>
    <defName>ClutterHandsSettings_LysitheansContinued</defName>
    <label>Weapon hand settings</label>
    <thingClass>Thing</thingClass>
    <WeaponCompLoader>
      <li>
        <MainHand>(-0.072, 0.100, -0.092)</MainHand>
        <ThingTargets>
          <li>Gun_Conroemk1a</li>
          <!-- Conroe mk1a -->
        </ThingTargets>
      </li>
      <li>
        <MainHand>(-0.205, 0.100, -0.100)</MainHand>
        <SecHand>(0.200, -0.100, -0.050)</SecHand>
        <ThingTargets>
          <li>Gun_Messier13a</li>
          <!-- Messier 13 -->
        </ThingTargets>
      </li>
      <li>
        <MainHand>(-0.110, 0.100, -0.106)</MainHand>
        <SecHand>(0.124, -0.100, -0.092)</SecHand>
        <ThingTargets>
          <li>Gun_Prk17a</li>
          <!-- Prk17 SMG -->
        </ThingTargets>
      </li>
      <li>
        <MainHand>(-0.292, 0.100, -0.077)</MainHand>
        <SecHand>(0.159, -0.100, -0.050)</SecHand>
        <ThingTargets>
          <li>Gun_Spid3R</li>
          <!-- Spid3r rifle -->
        </ThingTargets>
      </li>
    </WeaponCompLoader>
  </WHands.ClutterHandsTDef>
</Defs>