﻿<?xml version="1.0" encoding="utf-8"?>
<Defs>
  <WHands.ClutterHandsTDef>
    <defName>ClutterHandsSettings_GunNutKSGShotgun_-455394553</defName>
    <label>Weapon hand settings</label>
    <thingClass>Thing</thingClass>
    <WeaponCompLoader>
      <li>
        <MainHand>(-0.195, 0.100, -0.138)</MainHand>
        <SecHand>(0.078, -0.100, -0.092)</SecHand>
        <ThingTargets>
          <li>GN_KSG_S</li>
          <!-- KSG -->
        </ThingTargets>
      </li>
      <li>
        <MainHand>(-0.192, 0.100, -0.156)</MainHand>
        <SecHand>(0.140, -0.100, -0.096)</SecHand>
        <ThingTargets>
          <li>GN_KSG_L</li>
          <!-- KSG-25 -->
        </ThingTargets>
      </li>
    </WeaponCompLoader>
  </WHands.ClutterHandsTDef>
</Defs>