﻿<?xml version="1.0" encoding="utf-8"?>
<Defs>
  <WHands.ClutterHandsTDef>
    <defName>ClutterHandsSettings_Androidtiers</defName>
    <label>Weapon hand settings</label>
    <thingClass>Thing</thingClass>
    <WeaponCompLoader>
      <li>
        <MainHand>(-0.145, 0.100, -0.142)</MainHand>
        <SecHand>(0.306, -0.100, -0.151)</SecHand>
        <ThingTargets>
          <li>Mech40MMCannon</li>
          <!-- 40mm Cannon -->
        </ThingTargets>
      </li>
      <li>
        <MainHand>(-0.109, 0.100, -0.110)</MainHand>
        <SecHand>(0.205, -0.100, -0.128)</SecHand>
        <ThingTargets>
          <li>AntiMechRifle</li>
          <!-- anti-mech rifle -->
        </ThingTargets>
      </li>
      <li>
        <MainHand>(-0.137, 0.100, -0.069)</MainHand>
        <ThingTargets>
          <li>MechHandCannon</li>
          <!-- Hand Cannon -->
        </ThingTargets>
      </li>
      <li>
        <MainHand>(-0.294, 0.100, -0.119)</MainHand>
        <SecHand>(0.104, -0.100, -0.128)</SecHand>
        <ThingTargets>
          <li>MechMastiffGun</li>
          <!-- Mastiff Shotgun -->
        </ThingTargets>
      </li>
      <li>
        <MainHand>(-0.177, 0.100, 0.014)</MainHand>
        <ThingTargets>
          <li>MeleeWeapon_MechKnife</li>
          <!-- Mech Blade -->
        </ThingTargets>
      </li>
      <li>
        <MainHand>(-0.133, 0.100, -0.101)</MainHand>
        <ThingTargets>
          <li>OrbitalTargeterMechFall</li>
          <!-- orbital mech-fall targeter -->
        </ThingTargets>
      </li>
    </WeaponCompLoader>
  </WHands.ClutterHandsTDef>
</Defs>