﻿<?xml version="1.0" encoding="utf-8"?>
<Defs>
  <WHands.ClutterHandsTDef>
    <defName>ClutterHandsSettings_PowerTools</defName>
    <label>Weapon hand settings</label>
    <thingClass>Thing</thingClass>
    <WeaponCompLoader>
      <li>
        <MainHand>(-0.389, 0.100, -0.321)</MainHand>
        <SecHand>(-0.266, -0.100, 0.083)</SecHand>
        <ThingTargets>
          <li>PowerTool_IndustrialChainsaw</li>
          <!-- chainsaw -->
        </ThingTargets>
      </li>
      <li>
        <MainHand>(-0.096, 0.100, -0.018)</MainHand>
        <ThingTargets>
          <li>PowerTool_IndustrialDrill</li>
          <!-- drill -->
        </ThingTargets>
      </li>
      <li>
        <MainHand>(-0.351, 0.100, 0.065)</MainHand>
        <SecHand>(-0.032, -0.100, 0.138)</SecHand>
        <ThingTargets>
          <li>PowerTool_IndustrialGrinder</li>
          <!-- grinder -->
        </ThingTargets>
      </li>
      <li>
        <MainHand>(-0.392, 0.100, 0.353)</MainHand>
        <SecHand>(-0.229, -0.100, 0.372)</SecHand>
        <ThingTargets>
          <li>PowerTool_IndustrialJackHammer</li>
          <!-- jackhammer -->
        </ThingTargets>
      </li>
    </WeaponCompLoader>
  </WHands.ClutterHandsTDef>
</Defs>