﻿<?xml version="1.0" encoding="utf-8"?>
<Defs>
  <WHands.ClutterHandsTDef>
    <defName>ClutterHandsSettings_RimGateJaffaKreeContinued</defName>
    <label>Weapon hand settings</label>
    <thingClass>Thing</thingClass>
    <WeaponCompLoader>
      <li>
        <MainHand>(-0.061, 0.100, -0.078)</MainHand>
        <SecHand>(0.127, -0.100, 0.138)</SecHand>
        <ThingTargets>
          <li>Gun_JaffaStaff_blue</li>
          <!-- Ma'Tok Staff -->
        </ThingTargets>
      </li>
      <li>
        <MainHand>(-0.057, 0.100, -0.055)</MainHand>
        <SecHand>(0.104, -0.100, 0.088)</SecHand>
        <ThingTargets>
          <li>Gun_JaffaStaff_violet</li>
          <!-- Ma'Tok Staff -->
        </ThingTargets>
      </li>
      <li>
        <MainHand>(-0.080, 0.100, 0.087)</MainHand>
        <ThingTargets>
          <li>Gun_Zat</li>
          <!-- Zat'nik'tel -->
        </ThingTargets>
      </li>
    </WeaponCompLoader>
  </WHands.ClutterHandsTDef>
</Defs>