﻿<?xml version="1.0" encoding="utf-8"?>
<Defs>
  <WHands.ClutterHandsTDef>
    <defName>ClutterHandsSettings_RimEffectCore</defName>
    <label>Weapon hand settings</label>
    <thingClass>Thing</thingClass>
    <WeaponCompLoader>
      <li>
        <MainHand>(-0.284, 0.100, -0.050)</MainHand>
        <SecHand>(0.200, -0.100, -0.050)</SecHand>
        <ThingTargets>
          <li>RE_Gun_AllianceAntimaterielRifle</li>
          <!-- alliance anti-materiel rifle -->
        </ThingTargets>
      </li>
      <li>
        <MainHand>(-0.045, 0.100, -0.110)</MainHand>
        <SecHand>(0.200, -0.100, -0.050)</SecHand>
        <ThingTargets>
          <li>RE_Gun_AllianceAssaultRifle</li>
          <!-- alliance assault rifle -->
        </ThingTargets>
      </li>
      <li>
        <MainHand>(-0.095, 0.100, -0.100)</MainHand>
        <SecHand>(0.200, -0.100, -0.050)</SecHand>
        <ThingTargets>
          <li>RE_Gun_AllianceBattleRifle</li>
          <!-- alliance battle rifle -->
        </ThingTargets>
      </li>
      <li>
        <MainHand>(-0.324, 0.100, -0.123)</MainHand>
        <SecHand>(0.152, -0.100, -0.087)</SecHand>
        <ThingTargets>
          <li>RE_Gun_AllianceChainShotgun</li>
          <!-- alliance chain shotgun -->
        </ThingTargets>
      </li>
      <li>
        <MainHand>(-0.150, 0.100, -0.064)</MainHand>
        <ThingTargets>
          <li>RE_Gun_AllianceHandcannon</li>
          <!-- alliance handcannon -->
        </ThingTargets>
      </li>
      <li>
        <MainHand>(-0.174, 0.100, -0.060)</MainHand>
        <ThingTargets>
          <li>RE_Gun_AlliancePistol</li>
          <!-- alliance pistol -->
        </ThingTargets>
      </li>
      <li>
        <MainHand>(-0.352, 0.100, -0.206)</MainHand>
        <SecHand>(-0.061, -0.100, 0.120)</SecHand>
        <ThingTargets>
          <li>RE_Gun_AllianceRocketLauncher</li>
          <!-- alliance rocket launcher -->
        </ThingTargets>
      </li>
      <li>
        <MainHand>(-0.252, 0.100, -0.128)</MainHand>
        <SecHand>(0.120, -0.100, -0.050)</SecHand>
        <ThingTargets>
          <li>RE_Gun_AllianceShotgun</li>
          <!-- alliance shotgun -->
        </ThingTargets>
      </li>
      <li>
        <MainHand>(-0.161, 0.100, -0.027)</MainHand>
        <ThingTargets>
          <li>RE_Gun_AllianceSMG</li>
          <!-- alliance SMG -->
        </ThingTargets>
      </li>
      <li>
        <MainHand>(-0.264, 0.100, -0.078)</MainHand>
        <SecHand>(0.235, -0.100, -0.082)</SecHand>
        <ThingTargets>
          <li>RE_Gun_AllianceSniperRifle</li>
          <!-- alliance sniper rifle -->
        </ThingTargets>
      </li>
    </WeaponCompLoader>
  </WHands.ClutterHandsTDef>
</Defs>