﻿<?xml version="1.0" encoding="utf-8"?>
<Defs>
  <WHands.ClutterHandsTDef>
    <defName>ClutterHandsSettings_MedievalOverhaul</defName>
    <label>Weapon hand settings</label>
    <thingClass>Thing</thingClass>
    <WeaponCompLoader>
      <li>
        <MainHand>(0.232, 0.100, -0.142)</MainHand>
        <ThingTargets>
          <li>DankPyon_Ale</li>
          <!-- ale -->
        </ThingTargets>
      </li>
      <li>
        <MainHand>(-0.177, 0.100, 0.000)</MainHand>
        <ThingTargets>
          <li>DankPyon_AncientWoodLog</li>
          <!-- ancient wood -->
        </ThingTargets>
      </li>
      <li>
        <MainHand>(0.186, 0.100, 0.234)</MainHand>
        <ThingTargets>
          <li>DankPyon_JuiceApple</li>
          <!-- apple juice -->
        </ThingTargets>
      </li>
      <li>
        <MainHand>(-0.228, 0.100, -0.146)</MainHand>
        <SecHand>(0.026, -0.100, -0.100)</SecHand>
        <ThingTargets>
          <li>DankPyon_CrossbowHeavy</li>
          <!-- arbalest -->
        </ThingTargets>
      </li>
      <li>
        <MainHand>(-0.374, 0.100, 0.000)</MainHand>
        <ThingTargets>
          <li>DankPyon_MeleeWeapon_ArmingSword</li>
          <!-- arming sword -->
        </ThingTargets>
      </li>
      <li>
        <MainHand>(-0.339, 0.100, -0.312)</MainHand>
        <SecHand>(-0.188, -0.100, -0.133)</SecHand>
        <ThingTargets>
          <li>DankPyon_MeleeWeapon_Bardiche</li>
          <!-- bardiche -->
        </ThingTargets>
      </li>
      <li>
        <MainHand>(-0.342, 0.100, -0.349)</MainHand>
        <SecHand>(-0.005, -0.100, 0.000)</SecHand>
        <ThingTargets>
          <li>DankPyon_MeleeWeapon_Billhook</li>
          <!-- Billhook -->
        </ThingTargets>
      </li>
      <li>
        <MainHand>(-0.227, 0.100, 0.018)</MainHand>
        <ThingTargets>
          <li>DankPyon_MeleeWeapon_Bludgeon</li>
          <!-- bludgeon -->
        </ThingTargets>
      </li>
      <li>
        <MainHand>(-0.346, 0.100, -0.326)</MainHand>
        <SecHand>(0.000, -0.100, 0.000)</SecHand>
        <ThingTargets>
          <li>DankPyon_MeleeWeapon_BoarSpear</li>
          <!-- boar spear -->
        </ThingTargets>
      </li>
      <li>
        <MainHand>(-0.154, 0.100, 0.000)</MainHand>
        <ThingTargets>
          <li>DankPyon_Bone</li>
          <!-- bone -->
        </ThingTargets>
      </li>
      <li>
        <MainHand>(0.149, 0.100, 0.179)</MainHand>
        <ThingTargets>
          <li>DankPyon_Cider</li>
          <!-- cider -->
        </ThingTargets>
      </li>
      <li>
        <MainHand>(-0.191, 0.100, -0.050)</MainHand>
        <SecHand>(0.085, -0.100, -0.050)</SecHand>
        <ThingTargets>
          <li>DankPyon_Crossbow</li>
          <!-- crossbow -->
        </ThingTargets>
      </li>
      <li>
        <MainHand>(-0.200, 0.100, -0.060)</MainHand>
        <ThingTargets>
          <li>DankPyon_DarkWoodLog</li>
          <!-- dark wood -->
        </ThingTargets>
      </li>
      <li>
        <MainHand>(-0.177, 0.100, -0.064)</MainHand>
        <ThingTargets>
          <li>DankPyon_DryadWoodLog</li>
          <!-- dryad wood -->
        </ThingTargets>
      </li>
      <li>
        <MainHand>(-0.195, 0.100, -0.073)</MainHand>
        <ThingTargets>
          <li>DankPyon_ElvenWoodLog</li>
          <!-- elven wood -->
        </ThingTargets>
      </li>
      <li>
        <MainHand>(-0.365, 0.100, 0.050)</MainHand>
        <ThingTargets>
          <li>DankPyon_MeleeWeapon_Falchion</li>
          <!-- falchion -->
        </ThingTargets>
      </li>
      <li>
        <MainHand>(-0.371, 0.100, 0.000)</MainHand>
        <ThingTargets>
          <li>DankPyon_MeleeWeapon_FencingSword</li>
          <!-- fencing sword -->
        </ThingTargets>
      </li>
      <li>
        <MainHand>(-0.305, 0.100, 0.032)</MainHand>
        <ThingTargets>
          <li>DankPyon_MeleeWeapon_FightingAxe</li>
          <!-- fighting axe -->
        </ThingTargets>
      </li>
      <li>
        <MainHand>(-0.346, 0.100, -0.349)</MainHand>
        <SecHand>(0.000, -0.100, 0.000)</SecHand>
        <ThingTargets>
          <li>DankPyon_MeleeWeapon_FightingSpear</li>
          <!-- fighting spear -->
        </ThingTargets>
      </li>
      <li>
        <MainHand>(-0.360, 0.100, -0.349)</MainHand>
        <SecHand>(0.000, -0.100, 0.000)</SecHand>
        <ThingTargets>
          <li>DankPyon_MeleeWeapon_Goedendag</li>
          <!-- goedendag -->
        </ThingTargets>
      </li>
      <li>
        <MainHand>(-0.376, 0.100, -0.284)</MainHand>
        <SecHand>(-0.170, -0.100, -0.060)</SecHand>
        <ThingTargets>
          <li>DankPyon_MeleeWeapon_Greataxe</li>
          <!-- greataxe -->
        </ThingTargets>
      </li>
      <li>
        <MainHand>(-0.374, 0.100, -0.362)</MainHand>
        <SecHand>(-0.271, -0.100, -0.289)</SecHand>
        <ThingTargets>
          <li>DankPyon_MeleeWeapon_Greatsword</li>
          <!-- Greatsword -->
        </ThingTargets>
      </li>
      <li>
        <MainHand>(-0.282, 0.100, 0.000)</MainHand>
        <ThingTargets>
          <li>DankPyon_MeleeWeapon_Handaxe</li>
          <!-- handaxe -->
        </ThingTargets>
      </li>
      <li>
        <MainHand>(-0.200, 0.100, 0.019)</MainHand>
        <ThingTargets>
          <li>DankPyon_MeleeWeapon_Hatchet</li>
          <!-- hatchet -->
        </ThingTargets>
      </li>
      <li>
        <MainHand>(-0.383, 0.100, -0.335)</MainHand>
        <SecHand>(-0.124, -0.100, -0.069)</SecHand>
        <ThingTargets>
          <li>DankPyon_MeleeWeapon_HookedBlade</li>
          <!-- hooked blade -->
        </ThingTargets>
      </li>
      <li>
        <MainHand>(0.161, 0.100, -0.174)</MainHand>
        <SecHand>(0.007, -0.100, -0.050)</SecHand>
        <ThingTargets>
          <li>DankPyon_Bow_Hunting</li>
          <!-- hunting bow -->
        </ThingTargets>
      </li>
      <li>
        <MainHand>(-0.383, 0.100, -0.294)</MainHand>
        <SecHand>(-0.087, -0.100, 0.000)</SecHand>
        <ThingTargets>
          <li>DankPyon_MeleeWeapon_Longaxe</li>
          <!-- longaxe -->
        </ThingTargets>
      </li>
      <li>
        <MainHand>(-0.284, 0.100, -0.271)</MainHand>
        <ThingTargets>
          <li>DankPyon_MeleeWeapon_Longsword</li>
          <!-- longsword -->
        </ThingTargets>
      </li>
      <li>
        <MainHand>(-0.241, 0.100, 0.005)</MainHand>
        <ThingTargets>
          <li>DankPyon_MeleeWeapon_MilitaryPick</li>
          <!-- military pick -->
        </ThingTargets>
      </li>
      <li>
        <MainHand>(-0.346, 0.100, -0.339)</MainHand>
        <SecHand>(0.000, -0.100, 0.000)</SecHand>
        <ThingTargets>
          <li>DankPyon_MeleeWeapon_MilitiaSpear</li>
          <!-- militia spear -->
        </ThingTargets>
      </li>
      <li>
        <MainHand>(-0.296, 0.100, 0.018)</MainHand>
        <ThingTargets>
          <li>DankPyon_MeleeWeapon_MorningStar</li>
          <!-- morning star -->
        </ThingTargets>
      </li>
      <li>
        <MainHand>(-0.351, 0.100, 0.000)</MainHand>
        <ThingTargets>
          <li>DankPyon_MeleeWeapon_NobleSword</li>
          <!-- noble sword -->
        </ThingTargets>
      </li>
      <li>
        <MainHand>(-0.300, 0.100, 0.018)</MainHand>
        <ThingTargets>
          <li>DankPyon_MeleeWeapon_NomadMace</li>
          <!-- nomad mace -->
        </ThingTargets>
      </li>
      <li>
        <MainHand>(-0.218, 0.100, 0.023)</MainHand>
        <ThingTargets>
          <li>DankPyon_MeleeWeapon_Pickaxe</li>
          <!-- pickaxe -->
        </ThingTargets>
      </li>
      <li>
        <MainHand>(-0.323, 0.100, -0.317)</MainHand>
        <SecHand>(0.000, -0.100, 0.000)</SecHand>
        <ThingTargets>
          <li>DankPyon_MeleeWeapon_Pike</li>
          <!-- Pike -->
        </ThingTargets>
      </li>
      <li>
        <MainHand>(-0.342, 0.100, -0.321)</MainHand>
        <SecHand>(-0.083, -0.100, -0.083)</SecHand>
        <ThingTargets>
          <li>DankPyon_MeleeWeapon_Pitchfork</li>
          <!-- pitchfork -->
        </ThingTargets>
      </li>
      <li>
        <MainHand>(-0.378, 0.100, -0.344)</MainHand>
        <SecHand>(-0.073, -0.100, -0.064)</SecHand>
        <ThingTargets>
          <li>DankPyon_MeleeWeapon_Polehammer</li>
          <!-- polehammer -->
        </ThingTargets>
      </li>
      <li>
        <MainHand>(-0.144, 0.100, 0.000)</MainHand>
        <ThingTargets>
          <li>DankPyon_RoxHorn</li>
          <!-- Rox Horn -->
        </ThingTargets>
      </li>
      <li>
        <MainHand>(-0.378, 0.100, -0.367)</MainHand>
        <SecHand>(-0.128, -0.100, -0.115)</SecHand>
        <ThingTargets>
          <li>DankPyon_MeleeWeapon_Spetum</li>
          <!-- spetum -->
        </ThingTargets>
      </li>
      <li>
        <MainHand>(-0.333, 0.100, -0.344)</MainHand>
        <SecHand>(-0.115, -0.100, -0.124)</SecHand>
        <ThingTargets>
          <li>DankPyon_MeleeWeapon_Swordlance</li>
          <!-- swordlance -->
        </ThingTargets>
      </li>
      <li>
        <MainHand>(-0.264, 0.100, -0.261)</MainHand>
        <SecHand>(-0.087, -0.100, -0.096)</SecHand>
        <ThingTargets>
          <li>DankPyon_MeleeWeapon_TwoHandedFlangedMace</li>
          <!-- two-handed flanged mace -->
        </ThingTargets>
      </li>
      <li>
        <MainHand>(-0.351, 0.100, -0.298)</MainHand>
        <SecHand>(-0.092, -0.100, -0.046)</SecHand>
        <ThingTargets>
          <li>DankPyon_MeleeWeapon_TwoHandedHammer</li>
          <!-- two-handed hammer -->
        </ThingTargets>
      </li>
      <li>
        <MainHand>(-0.319, 0.100, -0.317)</MainHand>
        <SecHand>(-0.083, -0.100, -0.101)</SecHand>
        <ThingTargets>
          <li>DankPyon_MeleeWeapon_TwoHandedMace</li>
          <!-- two-handed mace -->
        </ThingTargets>
      </li>
      <li>
        <MainHand>(-0.324, 0.100, -0.307)</MainHand>
        <SecHand>(-0.151, -0.100, -0.128)</SecHand>
        <ThingTargets>
          <li>DankPyon_MeleeWeapon_TwoHandedMallet</li>
          <!-- two-handed mallet -->
        </ThingTargets>
      </li>
      <li>
        <MainHand>(0.190, 0.100, 0.229)</MainHand>
        <ThingTargets>
          <li>DankPyon_JuiceAppleUnfermented</li>
          <!-- unfermented apple juice -->
        </ThingTargets>
      </li>
      <li>
        <MainHand>(0.076, 0.100, -0.100)</MainHand>
        <SecHand>(-0.098, -0.100, 0.000)</SecHand>
        <ThingTargets>
          <li>Bow_War</li>
          <!-- war bow -->
        </ThingTargets>
      </li>
      <li>
        <MainHand>(-0.333, 0.100, -0.330)</MainHand>
        <SecHand>(-0.096, -0.100, -0.101)</SecHand>
        <ThingTargets>
          <li>DankPyon_MeleeWeapon_Warfork</li>
          <!-- warfork -->
        </ThingTargets>
      </li>
      <li>
        <MainHand>(-0.236, 0.100, 0.005)</MainHand>
        <ThingTargets>
          <li>DankPyon_MeleeWeapon_Warhammer</li>
          <!-- warhammer -->
        </ThingTargets>
      </li>
      <li>
        <MainHand>(0.048, 0.100, 0.188)</MainHand>
        <ThingTargets>
          <li>DankPyon_Wine</li>
          <!-- wine -->
        </ThingTargets>
      </li>
      <li>
        <MainHand>(-0.314, 0.100, 0.014)</MainHand>
        <ThingTargets>
          <li>DankPyon_MeleeWeapon_WingedMace</li>
          <!-- winged mace -->
        </ThingTargets>
      </li>
      <li>
        <MainHand>(-0.365, 0.100, -0.284)</MainHand>
        <SecHand>(-0.151, -0.100, -0.073)</SecHand>
        <ThingTargets>
          <li>DankPyon_MeleeWeapon_WoodcuttersAxe</li>
          <!-- woodcutter's axe -->
        </ThingTargets>
      </li>
    </WeaponCompLoader>
  </WHands.ClutterHandsTDef>
</Defs>