﻿<?xml version="1.0" encoding="utf-8"?>
<Defs>
  <WHands.ClutterHandsTDef>
    <defName>ClutterHandsSettings_NanotrasenArmory</defName>
    <label>Weapon hand settings</label>
    <thingClass>Thing</thingClass>
    <WeaponCompLoader>
      <li>
        <MainHand>(0.002, 0.100, -0.179)</MainHand>
        <ThingTargets>
          <li>Gun_BananaPie_NT</li>
        </ThingTargets>
      </li>
      <li>
        <MainHand>(-0.167, 0.100, -0.050)</MainHand>
        <SecHand>(0.200, -0.100, -0.050)</SecHand>
        <ThingTargets>
          <li>Gun_CombatShotgun_NT</li>
        </ThingTargets>
      </li>
      <li>
        <MainHand>(-0.103, 0.100, -0.100)</MainHand>
        <ThingTargets>
          <li>Gun_EnergyGun_NT</li>
        </ThingTargets>
      </li>
      <li>
        <MainHand>(-0.087, 0.100, 0.303)</MainHand>
        <ThingTargets>
          <li>Gun_Extinguisher_NT</li>
        </ThingTargets>
      </li>
      <li>
        <MainHand>(-0.130, 0.100, 0.028)</MainHand>
        <SecHand>(0.145, -0.100, 0.023)</SecHand>
        <ThingTargets>
          <li>Gun_Flammenwerfer_NT</li>
        </ThingTargets>
      </li>
      <li>
        <MainHand>(-0.098, 0.100, -0.142)</MainHand>
        <ThingTargets>
          <li>Gun_LaserCannon_NT</li>
        </ThingTargets>
      </li>
      <li>
        <MainHand>(-0.046, 0.100, -0.160)</MainHand>
        <ThingTargets>
          <li>Gun_LaserRifle_NT</li>
        </ThingTargets>
      </li>
      <li>
        <MainHand>(-0.059, 0.100, -0.013)</MainHand>
        <SecHand>(0.200, -0.100, -0.050)</SecHand>
        <ThingTargets>
          <li>Gun_SaberSMG_NT</li>
        </ThingTargets>
      </li>
      <li>
        <MainHand>(-0.006, 0.100, -0.050)</MainHand>
        <SecHand>(0.315, -0.100, -0.050)</SecHand>
        <ThingTargets>
          <li>Gun_PulseRifle_NT</li>
        </ThingTargets>
      </li>
      <li>
        <MainHand>(0.026, 0.100, -0.050)</MainHand>
        <ThingTargets>
          <li>Gun_RetroLaserRifle_NT</li>
        </ThingTargets>
      </li>
      <li>
        <MainHand>(0.011, 0.100, 0.229)</MainHand>
        <ThingTargets>
          <li>Gun_Toolbox_NT</li>
        </ThingTargets>
      </li>
    </WeaponCompLoader>
  </WHands.ClutterHandsTDef>
</Defs>