﻿<?xml version="1.0" encoding="utf-8"?>
<Defs>
  <WHands.ClutterHandsTDef>
    <defName>ClutterHandsSettings_Rimlaser</defName>
    <label>Weapon hand settings</label>
    <thingClass>Thing</thingClass>
    <WeaponCompLoader>
      <li>
        <MainHand>(-0.213, 0.100, -0.261)</MainHand>
        <SecHand>(0.200, -0.100, -0.178)</SecHand>
        <ThingTargets>
          <li>Rimlaser_DeathRay</li>
          <!-- Garin's Hyperboloid -->
        </ThingTargets>
      </li>
      <li>
        <MainHand>(-0.231, 0.100, -0.247)</MainHand>
        <SecHand>(0.117, -0.100, -0.261)</SecHand>
        <ThingTargets>
          <li>Rimlaser_LaserHeavy</li>
          <!-- heavy laser -->
        </ThingTargets>
      </li>
      <li>
        <MainHand>(-0.396, 0.100, 0.101)</MainHand>
        <SecHand>(-0.103, -0.100, -0.160)</SecHand>
        <ThingTargets>
          <li>Rimlaser_LaserIncendiary</li>
          <!-- incendiary laser -->
        </ThingTargets>
      </li>
      <li>
        <MainHand>(-0.355, 0.100, 0.189)</MainHand>
        <SecHand>(-0.066, -0.100, 0.161)</SecHand>
        <ThingTargets>
          <li>Rimlaser_LaserMinigun</li>
          <!-- laser minigun -->
        </ThingTargets>
      </li>
      <li>
        <MainHand>(-0.204, 0.100, -0.110)</MainHand>
        <ThingTargets>
          <li>Rimlaser_LaserPistol</li>
          <!-- laser pistol -->
        </ThingTargets>
      </li>
      <li>
        <MainHand>(-0.213, 0.100, -0.160)</MainHand>
        <SecHand>(0.273, -0.100, -0.174)</SecHand>
        <ThingTargets>
          <li>Rimlaser_LaserRifle</li>
          <!-- laser rifle -->
        </ThingTargets>
      </li>
      <li>
        <MainHand>(-0.252, 0.100, -0.211)</MainHand>
        <SecHand>(0.200, -0.100, -0.146)</SecHand>
        <ThingTargets>
          <li>Rimlaser_LaserSniper</li>
          <!-- laser sniper rifle -->
        </ThingTargets>
      </li>
      <li>
        <MainHand>(-0.217, 0.100, -0.142)</MainHand>
        <ThingTargets>
          <li>Rimlaser_TeslaGun</li>
          <!-- Tesla gun -->
        </ThingTargets>
      </li>
    </WeaponCompLoader>
  </WHands.ClutterHandsTDef>
</Defs>