﻿<?xml version="1.0" encoding="utf-8"?>
<Defs>
  <WHands.ClutterHandsTDef>
    <defName>ClutterHandsSettings_LordoftheRimsElves</defName>
    <label>Weapon hand settings</label>
    <thingClass>Thing</thingClass>
    <WeaponCompLoader>
      <li>
        <MainHand>(-0.273, 0.100, 0.014)</MainHand>
        <ThingTargets>
          <li>LotRE_MeleeWeapon_Lhang</li>
        </ThingTargets>
      </li>
      <li>
        <MainHand>(-0.374, 0.100, -0.317)</MainHand>
        <ThingTargets>
          <li>LotRE_MeleeWeapon_Saber</li>
        </ThingTargets>
      </li>
      <li>
        <MainHand>(-0.273, 0.100, -0.312)</MainHand>
        <ThingTargets>
          <li>LotRE_MeleeWeapon_WhiteKnives</li>
        </ThingTargets>
      </li>
      <li>
        <MainHand>(0.090, 0.100, 0.000)</MainHand>
        <SecHand>(-0.046, -0.100, 0.000)</SecHand>
        <ThingTargets>
          <li>LotRE_Bow_Galadhrim</li>
        </ThingTargets>
      </li>
      <li>
        <MainHand>(-0.122, 0.100, -0.096)</MainHand>
        <ThingTargets>
          <li>LotRE_WoodLogMallorn</li>
        </ThingTargets>
      </li>
      <li>
        <MainHand>(0.075, 0.100, 0.000)</MainHand>
        <SecHand>(-0.101, -0.100, 0.000)</SecHand>
        <ThingTargets>
          <li>LotRE_Bow_Mirkwood</li>
        </ThingTargets>
      </li>
      <li>
        <MainHand>(0.137, 0.100, 0.000)</MainHand>
        <SecHand>(-0.037, -0.100, 0.000)</SecHand>
        <ThingTargets>
          <li>LotRE_Bow_Rivendell</li>
        </ThingTargets>
      </li>
    </WeaponCompLoader>
  </WHands.ClutterHandsTDef>
</Defs>