﻿<?xml version="1.0" encoding="utf-8"?>
<Defs>
  <WHands.ClutterHandsTDef>
    <defName>ClutterHandsSettings_VanillaFactionsExpandedSettlers</defName>
    <label>Weapon hand settings</label>
    <thingClass>Thing</thingClass>
    <WeaponCompLoader>
      <li>
        <MainHand>(-0.208, 0.100, -0.293)</MainHand>
        <ThingTargets>
          <li>VFES_Gun_DoubleActionRevolver</li>
          <!-- double-action revolver -->
        </ThingTargets>
      </li>
      <li>
        <MainHand>(-0.240, 0.100, -0.073)</MainHand>
        <SecHand>(0.200, -0.100, -0.050)</SecHand>
        <ThingTargets>
          <li>VFES_Gun_DoubleBarreledShotgun</li>
          <!-- double-barreled shotgun -->
        </ThingTargets>
      </li>
      <li>
        <MainHand>(0.088, 0.100, -0.078)</MainHand>
        <SecHand>(-0.161, -0.100, 0.000)</SecHand>
        <ThingTargets>
          <li>VFES_Weapon_GrenadeDynamite</li>
          <!-- dynamite -->
        </ThingTargets>
      </li>
      <li>
        <MainHand>(-0.236, 0.100, -0.073)</MainHand>
        <SecHand>(0.172, -0.100, -0.013)</SecHand>
        <ThingTargets>
          <li>VFES_Gun_HuntingRifle</li>
          <!-- hunting rifle -->
        </ThingTargets>
      </li>
      <li>
        <MainHand>(-0.183, 0.100, -0.146)</MainHand>
        <ThingTargets>
          <li>VFES_Tomahawk</li>
          <!-- tomahawk -->
        </ThingTargets>
      </li>
    </WeaponCompLoader>
  </WHands.ClutterHandsTDef>
</Defs>