﻿<?xml version="1.0" encoding="utf-8"?>
<Defs>
  <WHands.ClutterHandsTDef>
    <defName>ClutterHandsSettings_FCPMinutemanEquipmentTeaser</defName>
    <label>Weapon hand settings</label>
    <thingClass>Thing</thingClass>
    <WeaponCompLoader>
      <li>
        <MainHand>(-0.300, 0.100, -0.050)</MainHand>
        <SecHand>(0.200, -0.100, -0.050)</SecHand>
        <ThingTargets>
          <li>FCP_Gun_Laser_Musket</li>
          <!-- Laser Musket -->
        </ThingTargets>
      </li>
      <li>
        <MainHand>(-0.080, 0.100, -0.022)</MainHand>
        <SecHand>(0.228, -0.100, -0.027)</SecHand>
        <ThingTargets>
          <li>FCP_Gun_Laser_Musket_Carbine</li>
          <!-- Laser Musket Carbine -->
        </ThingTargets>
      </li>
      <li>
        <MainHand>(-0.323, 0.100, -0.335)</MainHand>
        <ThingTargets>
          <li>FCP_Revolutionary_Sword</li>
          <!-- Revolutionary Sword -->
        </ThingTargets>
      </li>
      <li>
        <MainHand>(-0.204, 0.100, -0.068)</MainHand>
        <SecHand>(0.120, -0.100, -0.050)</SecHand>
        <ThingTargets>
          <li>FCP_Gun_Short_Laser_Musket</li>
          <!-- Short Laser Musket -->
        </ThingTargets>
      </li>
    </WeaponCompLoader>
  </WHands.ClutterHandsTDef>
</Defs>