﻿<?xml version="1.0" encoding="utf-8"?>
<Defs>
  <WHands.ClutterHandsTDef>
    <defName>ClutterHandsSettings_StarTrekFederationContinued</defName>
    <label>Weapon hand settings</label>
    <thingClass>Thing</thingClass>
    <WeaponCompLoader>
      <li>
        <MainHand>(-0.178, 0.100, -0.027)</MainHand>
        <SecHand>(0.200, -0.100, 0.005)</SecHand>
        <ThingTargets>
          <li>PhaserRifle</li>
          <!-- Compression Phaser Rifle -->
        </ThingTargets>
      </li>
      <li>
        <MainHand>(-0.076, 0.100, -0.055)</MainHand>
        <ThingTargets>
          <li>Em33pistol</li>
          <!-- EM-33 Plasma Pistol -->
        </ThingTargets>
      </li>
      <li>
        <MainHand>(-0.143, 0.100, 0.018)</MainHand>
        <ThingTargets>
          <li>HandPhaser</li>
          <!-- Hand Phaser Type 2 -->
        </ThingTargets>
      </li>
      <li>
        <MainHand>(-0.142, 0.100, -0.050)</MainHand>
        <SecHand>(0.200, -0.100, -0.037)</SecHand>
        <ThingTargets>
          <li>PhaserPulseRifle</li>
          <!-- Phased Pulse Rifle -->
        </ThingTargets>
      </li>
    </WeaponCompLoader>
  </WHands.ClutterHandsTDef>
</Defs>