﻿<?xml version="1.0" encoding="utf-8"?>
<Defs>
  <WHands.ClutterHandsTDef>
    <defName>ArrowPlease_HandsSettings</defName>
    <label>Weapon hand settings</label>
    <thingClass>Thing</thingClass>
    <WeaponCompLoader>
      <li>
        <MainHand>(-0.310, 0.100, -0.006)</MainHand>
        <SecHand>(0.090, -0.100, -0.010)</SecHand>
        <ThingTargets>
          <li>Ranged_Arbalest</li>
        </ThingTargets>
      </li>
      <li>
        <MainHand>(-0.292, 0.100, -0.002)</MainHand>
        <SecHand>(0.108, -0.100, -0.002)</SecHand>
        <ThingTargets>
          <li>Flame_Arbalest</li>
        </ThingTargets>
      </li>
      <li>
        <MainHand>(-0.142, 0.100, 0.077)</MainHand>
        <ThingTargets>
          <li>Ranged_Blowgun</li>
        </ThingTargets>
      </li>
      <li>
        <MainHand>(0.108, 0.100, 0.000)</MainHand>
        <SecHand>(-0.106, -0.100, 0.000)</SecHand>
        <ThingTargets>
          <li>Bowgreat_Flame</li>
        </ThingTargets>
      </li>
      <li>
        <MainHand>(-0.261, 0.100, -0.006)</MainHand>
        <SecHand>(0.108, -0.100, -0.010)</SecHand>
        <ThingTargets>
          <li>Ranged_Crossbow</li>
        </ThingTargets>
      </li>
      <li>
        <MainHand>(-0.261, 0.100, 0.005)</MainHand>
        <SecHand>(0.116, -0.100, 0.002)</SecHand>
        <ThingTargets>
          <li>Flame_Crossbow</li>
        </ThingTargets>
      </li>
      <li>
        <MainHand>(0.069, 0.100, 0.000)</MainHand>
        <SecHand>(-0.095, -0.100, 0.000)</SecHand>
        <ThingTargets>
          <li>Bowrecurve_Flame</li>
        </ThingTargets>
      </li>
      <li>
        <MainHand>(-0.288, 0.100, -0.006)</MainHand>
        <SecHand>(0.097, -0.100, -0.050)</SecHand>
        <ThingTargets>
          <li>Ranged_Repeatingcrossbow</li>
        </ThingTargets>
      </li>
      <li>
        <MainHand>(0.124, 0.100, 0.000)</MainHand>
        <SecHand>(-0.077, -0.100, 0.000)</SecHand>
        <ThingTargets>
          <li>Bowshort_Flame</li>
        </ThingTargets>
      </li>
      <li>
        <MainHand>(-0.203, 0.100, 0.055)</MainHand>
        <ThingTargets>
          <li>Ranged_Slinger</li>
        </ThingTargets>
      </li>
      <li>
        <MainHand>(0.210, 0.100, -0.193)</MainHand>
        <ThingTargets>
          <li>Ranged_Torch</li>
        </ThingTargets>
      </li>
      <li>
        <MainHand>(0.091, 0.100, -0.124)</MainHand>
        <ThingTargets>
          <li>Ranged_Tomahawk</li>
        </ThingTargets>
      </li>
      <li>
        <MainHand>(-0.282, 0.100, 0.005)</MainHand>
        <SecHand>(0.200, -0.100, -0.004)</SecHand>
        <ThingTargets>
          <li>Ranged_Waistcrossbow</li>
        </ThingTargets>
      </li>
    </WeaponCompLoader>
  </WHands.ClutterHandsTDef>
</Defs>