﻿<?xml version="1.0" encoding="utf-8"?>
<Defs>
  <WHands.ClutterHandsTDef>
    <defName>ClutterHandsSettings_DuneContinued</defName>
    <label>Weapon hand settings</label>
    <thingClass>Thing</thingClass>
    <WeaponCompLoader>
      <li>
        <MainHand>(-0.163, 0.100, 0.000)</MainHand>
        <ThingTargets>
          <li>FremenMelee_Crysknife</li>
          <!-- crysknife -->
        </ThingTargets>
      </li>
      <li>
        <MainHand>(-0.068, 0.100, 0.046)</MainHand>
        <ThingTargets>
          <li>FedaykinWeirdingModule</li>
          <!-- fedaykin weirding module -->
        </ThingTargets>
      </li>
      <li>
        <MainHand>(-0.107, 0.100, -0.005)</MainHand>
        <ThingTargets>
          <li>FremenCarbine</li>
          <!-- fremen automatic carbine -->
        </ThingTargets>
      </li>
      <li>
        <MainHand>(-0.252, 0.100, 0.037)</MainHand>
        <SecHand>(0.200, -0.100, 0.037)</SecHand>
        <ThingTargets>
          <li>FremenRifle</li>
          <!-- fremen bolt rifle -->
        </ThingTargets>
      </li>
    </WeaponCompLoader>
  </WHands.ClutterHandsTDef>
</Defs>