﻿<?xml version="1.0" encoding="utf-8"?>
<loadFolders>
  <v1.1>
    <li>/</li>
    <li>1.1</li>
    <li IfModActive="Mlie.21stCenturyArsenal">ModSupport/Mlie.21stCenturyArsenal</li>
    <li IfModActive="Mlie.AdaptationRefusal">ModSupport/Mlie.AdaptationRefusal</li>
    <li IfModActive="Mlie.AncientRim">ModSupport/Mlie.AncientRim</li>
    <li IfModActive="Mlie.ApexRimworldLegends">ModSupport/Mlie.ApexRimworldLegends</li>
    <li IfModActive="Mlie.ArrowPlease">ModSupport/Mlie.ArrowPlease</li>
    <li IfModActive="Mlie.Blowguns">ModSupport/Mlie.Blowguns</li>
    <li IfModActive="Mlie.Cactaceae">ModSupport/Mlie.Cactaceae</li>
    <li IfModActive="Mlie.CallofCthulhuCults">ModSupport/Mlie.CallofCthulhuCults</li>
    <li IfModActive="Mlie.CallofCthulhuFactions">ModSupport/Mlie.CallofCthulhuFactions</li>
    <li IfModActive="Mlie.CallofCthulhuFactionsItemsOnly">ModSupport/Mlie.CallofCthulhuFactions</li>
    <li IfModActive="Mlie.CaridionArsenal">ModSupport/Mlie.CaridionArsenal</li>
    <li IfModActive="Mlie.CyberneticWarfare">ModSupport/Mlie.CyberneticWarfare</li>
    <li IfModActive="Mlie.DoomFactions">ModSupport/Mlie.DoomFactions</li>
    <li IfModActive="Mlie.Dune">ModSupport/Mlie.Dune</li>
    <li IfModActive="Mlie.FerrexRace">ModSupport/Mlie.FerrexRace</li>
    <li IfModActive="Mlie.FilthyOrcInvasion">ModSupport/Mlie.FilthyOrcInvasion</li>
    <li IfModActive="Mlie.GhostGear">ModSupport/Mlie.GhostGear</li>
    <li IfModActive="Mlie.Gimmicks">ModSupport/Mlie.Gimmicks</li>
    <li IfModActive="Mlie.GonewiththeRimwave">ModSupport/Mlie.GonewiththeRimwave</li>
    <li IfModActive="Mlie.HaloRimworldPsychicPulseArmory">ModSupport/Mlie.HaloRimworldPsychicPulseArmory</li>
    <li IfModActive="Mlie.HarrowedLight">ModSupport/Mlie.HarrowedLight</li>
    <li IfModActive="Mlie.HumanoidProject">ModSupport/Mlie.HumanoidProject</li>
    <li IfModActive="Mlie.InfinityRimAriadna">ModSupport/Mlie.InfinityRimAriadna</li>
    <li IfModActive="Mlie.LogannRace">ModSupport/Mlie.LogannRace</li>
    <li IfModActive="Mlie.LordoftheRimsDwarves">ModSupport/Mlie.LordoftheRimsDwarves</li>
    <li IfModActive="Mlie.LordoftheRimsElves">ModSupport/Mlie.LordoftheRimsElves</li>
    <li IfModActive="Mlie.LordoftheRimsHobbits">ModSupport/Mlie.LordoftheRimsHobbits</li>
    <li IfModActive="Mlie.LordoftheRimsMenAndBeasts">ModSupport/Mlie.LordoftheRimsMenAndBeasts</li>
    <li IfModActive="Mlie.Lysitheans">ModSupport/Mlie.Lysitheans</li>
    <li IfModActive="Mlie.MeleePlease">ModSupport/Mlie.MeleePlease</li>
    <li IfModActive="Mlie.NanotrasenArmory">ModSupport/Mlie.NanotrasenArmory</li>
    <li IfModActive="Mlie.NapoleonicAge">ModSupport/Mlie.NapoleonicAge</li>
    <li IfModActive="Mlie.Norbals">ModSupport/Mlie.Norbals</li>
    <li IfModActive="Mlie.O21Rimhammer40K">ModSupport/Mlie.O21Rimhammer40K</li>
    <li IfModActive="Mlie.OuterRimTatooine">ModSupport/Mlie.OuterRimTatooine</li>
    <li IfModActive="Mlie.Pirates">ModSupport/Mlie.Pirates</li>
    <li IfModActive="Mlie.PreTranscended">ModSupport/Mlie.PreTranscended</li>
    <li IfModActive="Mlie.RaccRace">ModSupport/Mlie.RaccRace</li>
    <li IfModActive="Mlie.RamboWeaponsPack">ModSupport/Mlie.RamboWeaponsPack</li>
    <li IfModActive="Mlie.RedArmy">ModSupport/Mlie.RedArmy</li>
    <li IfModActive="Mlie.RimGateJaffaKree">ModSupport/Mlie.RimGateJaffaKree</li>
    <li IfModActive="Mlie.RimworldWesternizationProject">ModSupport/Mlie.RimworldWesternizationProject</li>
    <li IfModActive="Mlie.SimpleSlingshot">ModSupport/Mlie.SimpleSlingshot</li>
    <li IfModActive="Mlie.SkavenUpgraded">ModSupport/Mlie.SkavenUpgraded</li>
    <li IfModActive="Mlie.SOS2SpaceGear">ModSupport/Mlie.SOS2SpaceGear</li>
    <li IfModActive="Mlie.StarshipTroopersWeapons">ModSupport/Mlie.StarshipTroopersWeapons</li>
    <li IfModActive="Mlie.StarTrekFederation">ModSupport/Mlie.StarTrekFederation</li>
    <li IfModActive="Mlie.StarWarsFactions">ModSupport/Mlie.StarWarsFactions</li>
    <li IfModActive="Mlie.StarWarsFullyFunctionalLightsabers">ModSupport/Mlie.StarWarsFullyFunctionalLightsabers</li>
    <li IfModActive="Mlie.Swords">ModSupport/Mlie.Swords</li>
    <li IfModActive="Mlie.SyndicateClassic">ModSupport/Mlie.SyndicateClassic</li>
    <li IfModActive="Mlie.TacticalChargedGear">ModSupport/Mlie.TacticalChargedGear</li>
    <li IfModActive="Mlie.TheWitcherTrials">ModSupport/Mlie.TheWitcherTrials</li>
    <li IfModActive="Mlie.ThoriumMod">ModSupport/Mlie.ThoriumMod</li>
    <li IfModActive="Mlie.TuskenGearMod">ModSupport/Mlie.TuskenGearMod</li>
    <li IfModActive="Mlie.Westerado">ModSupport/Mlie.Westerado</li>
    <li IfModActive="Mlie.XennRace">ModSupport/Mlie.XennRace</li>
    <li IfModActive="Mlie.TakisRandomStuff">ModSupport/Mlie.TakisRandomStuff</li>
    <li IfModActive="Mlie.CrusadersFaction">ModSupport/Mlie.CrusadersFaction</li>
    <li IfModActive="Mlie.GerrymonsSombrero">ModSupport/Mlie.GerrymonsSombrero</li>
    <li IfModActive="Mlie.Thingamajigs">ModSupport/Mlie.Thingamajigs</li>
    <li IfModActive="VanillaExpanded.VWEL">ModSupport/VanillaExpanded.VWEL</li>
    <li IfModActive="XCOMWeapons.velcroboy333">ModSupport/XCOMWeapons.velcroboy333</li>
    <li IfModActive="shakesthespeare.RimsecSecurity">ModSupport/shakesthespeare.RimsecSecurity</li>
    <li IfModActive="automatic.rimlaser">ModSupport/automatic.rimlaser</li>
    <li IfModActive="PitchStone.HeavyMeleeWeapons.">ModSupport/PitchStone.HeavyMeleeWeapons</li>
    <li IfModActive="CP.Military.Furniture">ModSupport/CP.Military.Furniture</li>
    <li IfModActive="CP.RimmuNation.Weapons">ModSupport/CP.RimmuNation.Weapons</li>
    <li IfModActive="Ogliss.AlienVsPredator">ModSupport/Ogliss.AlienVsPredator</li>
    <li IfModActive="CETeam.CombatExtended">ModSupport/CETeam.CombatExtended</li>
    <li IfModActive="KurtusMob.BosCompendium">ModSupport/KurtusMob.BosCompendium</li>
    <li IfModActive="Aoba.Musket">ModSupport/Aoba.Musket</li>
    <li IfModActive="rimsenal.feral">ModSupport/rimsenal.feral</li>
    <li IfModActive="Harkon.GunNut.Community">ModSupport/Harkon.GunNut.Community</li>
    <li IfModActive="Harkon.GunNut.Chapter1">ModSupport/Harkon.GunNut.Chapter1</li>
    <li IfModActive="Harkon.GunNut.Chapter2">ModSupport/Harkon.GunNut.Chapter2</li>
    <li IfModActive="Harkon.GunNut.ColtAnaconda">ModSupport/Harkon.GunNut.ColtAnaconda</li>
    <li IfModActive="Harkon.GunNut.KSGShotgun">ModSupport/Harkon.GunNut.KSGShotgun</li>
    <li IfModActive="Harkon.GunNut.M97TrenchGun">ModSupport/Harkon.GunNut.M97TrenchGun</li>
    <li IfModActive="RimEffect.Core">ModSupport/RimEffect.Core</li>
    <li IfModActive="RimEffect.ExtendedCut">ModSupport/RimEffect.ExtendedCut</li>
    <li IfModActive="RimEffect.ExtendedCut">ModSupport/RimEffect.ExtendedCut</li>
    <li IfModActive="RimEffect.N7">ModSupport/RimEffect.N7</li>
    <li IfModActive="VanillaExpanded.VWE">ModSupport/VanillaExpanded.VWE</li>
    <li IfModActive="VanillaExpanded.VWEQ">ModSupport/VanillaExpanded.VWEQ</li>
    <li IfModActive="VanillaExpanded.VWEQ">ModSupport/VanillaExpanded.VWEQ</li>
    <li IfModActive="VanillaExpanded.VWEHW">ModSupport/VanillaExpanded.VWEHW</li>
    <li IfModActive="VanillaExpanded.VWEC">ModSupport/VanillaExpanded.VWEC</li>
    <li IfModActive="VanillaExpanded.VWEFT">ModSupport/VanillaExpanded.VWEFT</li>
    <li IfModActive="VanillaExpanded.VWEMS">ModSupport/VanillaExpanded.VWEMS</li>
    <li IfModActive="VanillaExpanded.VWENL">ModSupport/VanillaExpanded.VWENL</li>
    <li IfModActive="VanillaExpanded.VWETB">ModSupport/VanillaExpanded.VWETB</li>
    <li IfModActive="rimsenal.EVP">ModSupport/rimsenal.EVP</li>
    <li IfModActive="PrimitiveProduction.velcroboy333">ModSupport/PrimitiveProduction.velcroboy333</li>
    <li IfModActive="PrimitiveTools.velcroboy333">ModSupport/PrimitiveTools.velcroboy333</li>
    <li IfModActive="andery233xj.mod.BattlefieldSupply">ModSupport/andery233xj.mod.BattlefieldSupply</li>
    <li IfModActive="Simmin.PowerTools">ModSupport/Simmin.PowerTools</li>
    <li IfModActive="OskarPotocki.VanillaFactionsExpanded.MedievalModule">ModSupport/OskarPotocki.VanillaFactionsExpanded.MedievalModule</li>
    <li IfModActive="OskarPotocki.VanillaFactionsExpanded.SettlersModule">ModSupport/OskarPotocki.VanillaFactionsExpanded.SettlersModule</li>
    <li IfModActive="OskarPotocki.VFE.Vikings">ModSupport/OskarPotocki.VFE.Vikings</li>
    <li IfModActive="OskarPotocki.VFE.Insectoid">ModSupport/OskarPotocki.VFE.Insectoid</li>
    <li IfModActive="dkpepper.chargeloadingleeenfield">ModSupport/dkpepper.chargeloadingleeenfield</li>
    <li IfModActive="Kenshi.Armory.Geminingen">ModSupport/Kenshi.Armory.Geminingen</li>
    <li IfModActive="KIT.VFEWeapons">ModSupport/KIT.VFEWeapons</li>
    <li IfModActive="s16.ddm">ModSupport/s16.ddm</li>
    <li IfModActive="Harkon.DF.Dusk">ModSupport/Harkon.DF.Dusk</li>
    <li IfModActive="Eastern.Armory.Geminingen">ModSupport/Eastern.Armory.Geminingen</li>
    <li IfModActive="JangoDsoul.HiggsA.DS">ModSupport/JangoDsoul.HiggsA.DS</li>
    <li IfModActive="JangoDsoul.Mechanized">ModSupport/JangoDsoul.Mechanized</li>
    <li IfModActive="JangoDsoul.TierArmor.Civil">ModSupport/JangoDsoul.TierArmor.Civil</li>
    <li IfModActive="rick.fcpdr">ModSupport/rick.fcpdr</li>
    <li IfModActive="Si.ThrumboHornWeapons">ModSupport/Si.ThrumboHornWeapons</li>
    <li IfModActive="hamster.personacryptech">ModSupport/hamster.personacryptech</li>
    <li IfModActive="JGH.MechanoidBench2">ModSupport/JGH.MechanoidBench2</li>
    <li IfModActive="sarg.geneticrim">ModSupport/sarg.geneticrim</li>
    <li IfModActive="Aelanna.EccentricTech.Flares">ModSupport/Aelanna.EccentricTech.Flares</li>
    <li IfModActive="atomicravioli.crystalloid">ModSupport/atomicravioli.crystalloid</li>
    <li IfModActive="warbanner.warbanner">ModSupport/warbanner.warbanner</li>
    <li IfModActive="alien.arasakacorporation">ModSupport/alien.arasakacorporation</li>
    <li IfModActive="kompadt.warhammer.skaven">ModSupport/kompadt.warhammer.skaven</li>
    <li IfModActive="iluvsilicon.dishonoredarmorandweapons">ModSupport/iluvsilicon.dishonoredarmorandweapons</li>
    <li IfModActive="spino.megafauna">ModSupport/spino.megafauna</li>
    <li IfModActive="jangodsoul.bot.soldier">ModSupport/jangodsoul.bot.soldier</li>
    <li IfModActive="morgante.lotrurukhairacemod">ModSupport/morgante.lotrurukhairacemod</li>
    <li IfModActive="vanillaexpanded.vbrewecandt">ModSupport/vanillaexpanded.vbrewecandt</li>
    <li IfModActive="Atlas.AndroidTiers">ModSupport/Atlas.AndroidTiers</li>
  </v1.1>
  <v1.2>
    <li>/</li>
    <li>1.2</li>
    <li IfModActive="Roolo.DualWield">DualWield/1.2</li>
    <li IfModActive="Mlie.21stCenturyArsenal">ModSupport/Mlie.21stCenturyArsenal</li>
    <li IfModActive="Mlie.AdaptationRefusal">ModSupport/Mlie.AdaptationRefusal</li>
    <li IfModActive="Mlie.AncientRim">ModSupport/Mlie.AncientRim</li>
    <li IfModActive="Mlie.ApexRimworldLegends">ModSupport/Mlie.ApexRimworldLegends</li>
    <li IfModActive="Mlie.ArrowPlease">ModSupport/Mlie.ArrowPlease</li>
    <li IfModActive="Mlie.Blowguns">ModSupport/Mlie.Blowguns</li>
    <li IfModActive="Mlie.Cactaceae">ModSupport/Mlie.Cactaceae</li>
    <li IfModActive="Mlie.CallofCthulhuCults">ModSupport/Mlie.CallofCthulhuCults</li>
    <li IfModActive="Mlie.CallofCthulhuFactions">ModSupport/Mlie.CallofCthulhuFactions</li>
    <li IfModActive="Mlie.CallofCthulhuFactionsItemsOnly">ModSupport/Mlie.CallofCthulhuFactions</li>
    <li IfModActive="Mlie.CaridionArsenal">ModSupport/Mlie.CaridionArsenal</li>
    <li IfModActive="Mlie.CyberneticWarfare">ModSupport/Mlie.CyberneticWarfare</li>
    <li IfModActive="Mlie.DoomFactions">ModSupport/Mlie.DoomFactions</li>
    <li IfModActive="Mlie.Dune">ModSupport/Mlie.Dune</li>
    <li IfModActive="Mlie.FerrexRace">ModSupport/Mlie.FerrexRace</li>
    <li IfModActive="Mlie.FilthyOrcInvasion">ModSupport/Mlie.FilthyOrcInvasion</li>
    <li IfModActive="Mlie.GhostGear">ModSupport/Mlie.GhostGear</li>
    <li IfModActive="Mlie.Gimmicks">ModSupport/Mlie.Gimmicks</li>
    <li IfModActive="Mlie.GonewiththeRimwave">ModSupport/Mlie.GonewiththeRimwave</li>
    <li IfModActive="Mlie.HaloRimworldPsychicPulseArmory">ModSupport/Mlie.HaloRimworldPsychicPulseArmory</li>
    <li IfModActive="Mlie.HarrowedLight">ModSupport/Mlie.HarrowedLight</li>
    <li IfModActive="Mlie.HumanoidProject">ModSupport/Mlie.HumanoidProject</li>
    <li IfModActive="Mlie.InfinityRimAriadna">ModSupport/Mlie.InfinityRimAriadna</li>
    <li IfModActive="Mlie.LogannRace">ModSupport/Mlie.LogannRace</li>
    <li IfModActive="Mlie.LordoftheRimsDwarves">ModSupport/Mlie.LordoftheRimsDwarves</li>
    <li IfModActive="Mlie.LordoftheRimsElves">ModSupport/Mlie.LordoftheRimsElves</li>
    <li IfModActive="Mlie.LordoftheRimsHobbits">ModSupport/Mlie.LordoftheRimsHobbits</li>
    <li IfModActive="Mlie.LordoftheRimsMenAndBeasts">ModSupport/Mlie.LordoftheRimsMenAndBeasts</li>
    <li IfModActive="Mlie.Lysitheans">ModSupport/Mlie.Lysitheans</li>
    <li IfModActive="Mlie.MeleePlease">ModSupport/Mlie.MeleePlease</li>
    <li IfModActive="Mlie.NanotrasenArmory">ModSupport/Mlie.NanotrasenArmory</li>
    <li IfModActive="Mlie.NapoleonicAge">ModSupport/Mlie.NapoleonicAge</li>
    <li IfModActive="Mlie.Norbals">ModSupport/Mlie.Norbals</li>
    <li IfModActive="Mlie.O21Rimhammer40K">ModSupport/Mlie.O21Rimhammer40K</li>
    <li IfModActive="Mlie.OuterRimTatooine">ModSupport/Mlie.OuterRimTatooine</li>
    <li IfModActive="Mlie.Pirates">ModSupport/Mlie.Pirates</li>
    <li IfModActive="Mlie.PreTranscended">ModSupport/Mlie.PreTranscended</li>
    <li IfModActive="Mlie.RaccRace">ModSupport/Mlie.RaccRace</li>
    <li IfModActive="Mlie.RamboWeaponsPack">ModSupport/Mlie.RamboWeaponsPack</li>
    <li IfModActive="Mlie.RedArmy">ModSupport/Mlie.RedArmy</li>
    <li IfModActive="Mlie.RimGateJaffaKree">ModSupport/Mlie.RimGateJaffaKree</li>
    <li IfModActive="Mlie.RimworldWesternizationProject">ModSupport/Mlie.RimworldWesternizationProject</li>
    <li IfModActive="Mlie.SimpleSlingshot">ModSupport/Mlie.SimpleSlingshot</li>
    <li IfModActive="Mlie.SkavenUpgraded">ModSupport/Mlie.SkavenUpgraded</li>
    <li IfModActive="Mlie.SOS2SpaceGear">ModSupport/Mlie.SOS2SpaceGear</li>
    <li IfModActive="Mlie.StarTrekFederation">ModSupport/Mlie.StarTrekFederation</li>
    <li IfModActive="Mlie.StarWarsFactions">ModSupport/Mlie.StarWarsFactions</li>
    <li IfModActive="Mlie.StarWarsFullyFunctionalLightsabers">ModSupport/Mlie.StarWarsFullyFunctionalLightsabers</li>
    <li IfModActive="Mlie.Swords">ModSupport/Mlie.Swords</li>
    <li IfModActive="Mlie.TacticalChargedGear">ModSupport/Mlie.TacticalChargedGear</li>
    <li IfModActive="Mlie.TheWitcherTrials">ModSupport/Mlie.TheWitcherTrials</li>
    <li IfModActive="Mlie.ThoriumMod">ModSupport/Mlie.ThoriumMod</li>
    <li IfModActive="Mlie.TuskenGearMod">ModSupport/Mlie.TuskenGearMod</li>
    <li IfModActive="Mlie.Westerado">ModSupport/Mlie.Westerado</li>
    <li IfModActive="Mlie.XennRace">ModSupport/Mlie.XennRace</li>
    <li IfModActive="Mlie.TakisRandomStuff">ModSupport/Mlie.TakisRandomStuff</li>
    <li IfModActive="Mlie.CrusadersFaction">ModSupport/Mlie.CrusadersFaction</li>
    <li IfModActive="Mlie.GerrymonsSombrero">ModSupport/Mlie.GerrymonsSombrero</li>
    <li IfModActive="Mlie.Thingamajigs">ModSupport/Mlie.Thingamajigs</li>
    <li IfModActive="VanillaExpanded.VWEL">ModSupport/VanillaExpanded.VWEL</li>
    <li IfModActive="XCOMWeapons.velcroboy333">ModSupport/XCOMWeapons.velcroboy333</li>
    <li IfModActive="shakesthespeare.RimsecSecurity">ModSupport/shakesthespeare.RimsecSecurity</li>
    <li IfModActive="automatic.rimlaser">ModSupport/automatic.rimlaser</li>
    <li IfModActive="PitchStone.HeavyMeleeWeapons.">ModSupport/PitchStone.HeavyMeleeWeapons</li>
    <li IfModActive="CP.Military.Furniture">ModSupport/CP.Military.Furniture</li>
    <li IfModActive="CP.RimmuNation.Weapons">ModSupport/CP.RimmuNation.Weapons</li>
    <li IfModActive="Ogliss.AlienVsPredator">ModSupport/Ogliss.AlienVsPredator</li>
    <li IfModActive="CETeam.CombatExtended">ModSupport/CETeam.CombatExtended</li>
    <li IfModActive="KurtusMob.BosCompendium">ModSupport/KurtusMob.BosCompendium</li>
    <li IfModActive="Aoba.Musket">ModSupport/Aoba.Musket</li>
    <li IfModActive="rimsenal.feral">ModSupport/rimsenal.feral</li>
    <li IfModActive="Harkon.GunNut.Community">ModSupport/Harkon.GunNut.Community</li>
    <li IfModActive="Harkon.GunNut.Chapter1">ModSupport/Harkon.GunNut.Chapter1</li>
    <li IfModActive="Harkon.GunNut.Chapter2">ModSupport/Harkon.GunNut.Chapter2</li>
    <li IfModActive="Harkon.GunNut.ColtAnaconda">ModSupport/Harkon.GunNut.ColtAnaconda</li>
    <li IfModActive="Harkon.GunNut.KSGShotgun">ModSupport/Harkon.GunNut.KSGShotgun</li>
    <li IfModActive="Harkon.GunNut.M97TrenchGun">ModSupport/Harkon.GunNut.M97TrenchGun</li>
    <li IfModActive="RimEffect.Core">ModSupport/RimEffect.Core</li>
    <li IfModActive="RimEffect.ExtendedCut">ModSupport/RimEffect.ExtendedCut</li>
    <li IfModActive="RimEffect.ExtendedCut">ModSupport/RimEffect.ExtendedCut</li>
    <li IfModActive="RimEffect.N7">ModSupport/RimEffect.N7</li>
    <li IfModActive="VanillaExpanded.VWE">ModSupport/VanillaExpanded.VWE</li>
    <li IfModActive="VanillaExpanded.VWEQ">ModSupport/VanillaExpanded.VWEQ</li>
    <li IfModActive="VanillaExpanded.VWEQ">ModSupport/VanillaExpanded.VWEQ</li>
    <li IfModActive="VanillaExpanded.VWEHW">ModSupport/VanillaExpanded.VWEHW</li>
    <li IfModActive="VanillaExpanded.VWEC">ModSupport/VanillaExpanded.VWEC</li>
    <li IfModActive="VanillaExpanded.VWEFT">ModSupport/VanillaExpanded.VWEFT</li>
    <li IfModActive="VanillaExpanded.VWEMS">ModSupport/VanillaExpanded.VWEMS</li>
    <li IfModActive="VanillaExpanded.VWENL">ModSupport/VanillaExpanded.VWENL</li>
    <li IfModActive="VanillaExpanded.VWETB">ModSupport/VanillaExpanded.VWETB</li>
    <li IfModActive="rimsenal.EVP">ModSupport/rimsenal.EVP</li>
    <li IfModActive="PrimitiveProduction.velcroboy333">ModSupport/PrimitiveProduction.velcroboy333</li>
    <li IfModActive="PrimitiveTools.velcroboy333">ModSupport/PrimitiveTools.velcroboy333</li>
    <li IfModActive="andery233xj.mod.BattlefieldSupply">ModSupport/andery233xj.mod.BattlefieldSupply</li>
    <li IfModActive="Simmin.PowerTools">ModSupport/Simmin.PowerTools</li>
    <li IfModActive="OskarPotocki.VanillaFactionsExpanded.MedievalModule">ModSupport/OskarPotocki.VanillaFactionsExpanded.MedievalModule</li>
    <li IfModActive="OskarPotocki.VanillaFactionsExpanded.SettlersModule">ModSupport/OskarPotocki.VanillaFactionsExpanded.SettlersModule</li>
    <li IfModActive="OskarPotocki.VFE.Vikings">ModSupport/OskarPotocki.VFE.Vikings</li>
    <li IfModActive="OskarPotocki.VFE.Insectoid">ModSupport/OskarPotocki.VFE.Insectoid</li>
    <li IfModActive="dkpepper.chargeloadingleeenfield">ModSupport/dkpepper.chargeloadingleeenfield</li>
    <li IfModActive="Kenshi.Armory.Geminingen">ModSupport/Kenshi.Armory.Geminingen</li>
    <li IfModActive="KIT.VFEWeapons">ModSupport/KIT.VFEWeapons</li>
    <li IfModActive="s16.ddm">ModSupport/s16.ddm</li>
    <li IfModActive="Harkon.DF.Dusk">ModSupport/Harkon.DF.Dusk</li>
    <li IfModActive="Eastern.Armory.Geminingen">ModSupport/Eastern.Armory.Geminingen</li>
    <li IfModActive="JangoDsoul.HiggsA.DS">ModSupport/JangoDsoul.HiggsA.DS</li>
    <li IfModActive="JangoDsoul.Mechanized">ModSupport/JangoDsoul.Mechanized</li>
    <li IfModActive="JangoDsoul.TierArmor.Civil">ModSupport/JangoDsoul.TierArmor.Civil</li>
    <li IfModActive="rick.fcpdr">ModSupport/rick.fcpdr</li>
    <li IfModActive="Si.ThrumboHornWeapons">ModSupport/Si.ThrumboHornWeapons</li>
    <li IfModActive="hamster.personacryptech">ModSupport/hamster.personacryptech</li>
    <li IfModActive="JGH.MechanoidBench2">ModSupport/JGH.MechanoidBench2</li>
    <li IfModActive="sarg.geneticrim">ModSupport/sarg.geneticrim</li>
    <li IfModActive="Aelanna.EccentricTech.Flares">ModSupport/Aelanna.EccentricTech.Flares</li>
    <li IfModActive="atomicravioli.crystalloid">ModSupport/atomicravioli.crystalloid</li>
    <li IfModActive="warbanner.warbanner">ModSupport/warbanner.warbanner</li>
    <li IfModActive="alien.arasakacorporation">ModSupport/alien.arasakacorporation</li>
    <li IfModActive="kompadt.warhammer.skaven">ModSupport/kompadt.warhammer.skaven</li>
    <li IfModActive="iluvsilicon.dishonoredarmorandweapons">ModSupport/iluvsilicon.dishonoredarmorandweapons</li>
    <li IfModActive="spino.megafauna">ModSupport/spino.megafauna</li>
    <li IfModActive="jangodsoul.bot.soldier">ModSupport/jangodsoul.bot.soldier</li>
    <li IfModActive="morgante.lotrurukhairacemod">ModSupport/morgante.lotrurukhairacemod</li>
    <li IfModActive="vanillaexpanded.vbrewecandt">ModSupport/vanillaexpanded.vbrewecandt</li>
    <li IfModActive="Atlas.AndroidTiers">ModSupport/Atlas.AndroidTiers</li>
    <li IfModActive="rick.fcpfnvrevolvers">ModSupport/rick.fcpfnvrevolvers</li>
    <li IfModActive="rick.fcpfnvsmg">ModSupport/rick.fcpfnvsmg</li>
    <li IfModActive="rick.fcpfnvarlmg">ModSupport/rick.fcpfnvarlmg</li>
    <li IfModActive="rick.fcpfnvshotguns">ModSupport/rick.fcpfnvshotguns</li>
    <li IfModActive="rick.fcpcre">ModSupport/rick.fcpcre</li>
    <li IfModActive="rick.fcpfnvheavyweapons">ModSupport/rick.fcpfnvheavyweapons</li>
    <li IfModActive="rick.fcpir">ModSupport/rick.fcpir</li>
    <li IfModActive="rick.fcpcoa">ModSupport/rick.fcpcoa</li>
    <li IfModActive="ogliss.gearsofwar.lancer">ModSupport/ogliss.gearsofwar.lancer</li>
    <li IfModActive="rick.fcpfnvpsitols">ModSupport/rick.fcpfnvpsitols</li>
    <li IfModActive="trahspanda.botw.ancientweapons">ModSupport/trahspanda.botw.ancientweapons</li>
    <li IfModActive="xrushha.animagear">ModSupport/xrushha.animagear</li>
    <li IfModActive="4ydra.arsenalofreaction">ModSupport/4ydra.arsenalofreaction</li>
    <li IfModActive="jangodsoul.exileddawn">ModSupport/jangodsoul.exileddawn</li>
    <li IfModActive="jangodsoul.theforge.caesarlegionarmory">ModSupport/jangodsoul.theforge.caesarlegionarmory</li>
    <li IfModActive="jangodsoul.theforge.ncrarmory">ModSupport/jangodsoul.theforge.ncrarmory</li>
    <li IfModActive="rick.fcpmmet">ModSupport/rick.fcpmmet</li>
    <li IfModActive="rick.fcpccrp">ModSupport/rick.fcpccrp</li>
    <li IfModActive="oskarpotocki.vfe.mechanoid">ModSupport/oskarpotocki.vfe.mechanoid</li>
    <li IfModActive="nazgul.eisenhanspowerarmor">ModSupport/nazgul.eisenhanspowerarmor</li>
    <li IfModActive="morgante.morgantepostapocalypticweaponspack">ModSupport/morgante.morgantepostapocalypticweaponspack</li>
    <li IfModActive="4ydra.arsenalofrevolution">ModSupport/4ydra.arsenalofrevolution</li>
    <li IfModActive="rust.handmade.weapons">ModSupport/rust.handmade.weapons</li>
    <li IfModActive="rick.lunz.fcpmks">ModSupport/rick.lunz.fcpmks</li>
    <li IfModActive="aelanna.eccentrictech.flares2">ModSupport/aelanna.eccentrictech.flares2</li>
  </v1.2>
  <v1.3>
    <li>/</li>
    <li>1.3</li>
    <li IfModActive="Roolo.DualWield">DualWield/1.3</li>
    <li IfModActive="com.yayo.combat3">YayoAdapted/1.3</li>
    <li IfModActive="com.yayo.yayoAni">YayoAnimation/1.3</li>
    <li IfModActive="Mlie.21stCenturyArsenal">ModSupport/Mlie.21stCenturyArsenal</li>
    <li IfModActive="Mlie.AdaptationRefusal">ModSupport/Mlie.AdaptationRefusal</li>
    <li IfModActive="Mlie.AncientAsianWeapons">ModSupport/Mlie.AncientAsianWeapons</li>
    <li IfModActive="Mlie.AncientRim">ModSupport/Mlie.AncientRim</li>
    <li IfModActive="Mlie.ApexRimworldLegends">ModSupport/Mlie.ApexRimworldLegends</li>
    <li IfModActive="Mlie.ArrowPlease">ModSupport/Mlie.ArrowPlease</li>
    <li IfModActive="Mlie.AvaliRaceMod">ModSupport/Mlie.AvaliRaceMod</li>
    <li IfModActive="Mlie.Blowguns">ModSupport/Mlie.Blowguns</li>
    <li IfModActive="Mlie.Cactaceae">ModSupport/Mlie.Cactaceae</li>
    <li IfModActive="Mlie.CallofCthulhuCults">ModSupport/Mlie.CallofCthulhuCults</li>
    <li IfModActive="Mlie.CallofCthulhuFactions">ModSupport/Mlie.CallofCthulhuFactions</li>
    <li IfModActive="Mlie.CallofCthulhuFactionsItemsOnly">ModSupport/Mlie.CallofCthulhuFactions</li>
    <li IfModActive="Mlie.CaridionArsenal">ModSupport/Mlie.CaridionArsenal</li>
    <li IfModActive="Mlie.CyberneticWarfare">ModSupport/Mlie.CyberneticWarfare</li>
    <li IfModActive="Mlie.DoomFactions">ModSupport/Mlie.DoomFactions</li>
    <li IfModActive="Mlie.Dune">ModSupport/Mlie.Dune</li>
    <li IfModActive="Mlie.EMAncientTechnology">ModSupport/Mlie.EMAncientTechnology</li>
    <li IfModActive="Mlie.FerrexRace">ModSupport/Mlie.FerrexRace</li>
    <li IfModActive="Mlie.FilthyOrcInvasion">ModSupport/Mlie.FilthyOrcInvasion</li>
    <li IfModActive="Mlie.GhostGear">ModSupport/Mlie.GhostGear</li>
    <li IfModActive="Mlie.Gimmicks">ModSupport/Mlie.Gimmicks</li>
    <li IfModActive="Mlie.GonewiththeRimwave">ModSupport/Mlie.GonewiththeRimwave</li>
    <li IfModActive="Mlie.HaloRimworldPsychicPulseArmory">ModSupport/Mlie.HaloRimworldPsychicPulseArmory</li>
    <li IfModActive="Mlie.HarrowedLight">ModSupport/Mlie.HarrowedLight</li>
    <li IfModActive="Mlie.HumanoidProject">ModSupport/Mlie.HumanoidProject</li>
    <li IfModActive="Mlie.InfinityRimAriadna">ModSupport/Mlie.InfinityRimAriadna</li>
    <li IfModActive="Mlie.LogannRace">ModSupport/Mlie.LogannRace</li>
    <li IfModActive="Mlie.LordoftheRimsDwarves">ModSupport/Mlie.LordoftheRimsDwarves</li>
    <li IfModActive="Mlie.LordoftheRimsElves">ModSupport/Mlie.LordoftheRimsElves</li>
    <li IfModActive="Mlie.LordoftheRimsHobbits">ModSupport/Mlie.LordoftheRimsHobbits</li>
    <li IfModActive="Mlie.LordoftheRimsMenAndBeasts">ModSupport/Mlie.LordoftheRimsMenAndBeasts</li>
    <li IfModActive="Mlie.Lysitheans">ModSupport/Mlie.Lysitheans</li>
    <li IfModActive="Mlie.MeleePlease">ModSupport/Mlie.MeleePlease</li>
    <li IfModActive="Mlie.NanotrasenArmory">ModSupport/Mlie.NanotrasenArmory</li>
    <li IfModActive="Mlie.NapoleonicAge">ModSupport/Mlie.NapoleonicAge</li>
    <li IfModActive="Mlie.Norbals">ModSupport/Mlie.Norbals</li>
    <li IfModActive="Mlie.O21Rimhammer40K">ModSupport/Mlie.O21Rimhammer40K</li>
    <li IfModActive="Mlie.OuterRimTatooine">ModSupport/Mlie.OuterRimTatooine</li>
    <li IfModActive="Mlie.Pirates">ModSupport/Mlie.Pirates</li>
    <li IfModActive="Mlie.PreTranscended">ModSupport/Mlie.PreTranscended</li>
    <li IfModActive="Mlie.RaccRace">ModSupport/Mlie.RaccRace</li>
    <li IfModActive="Mlie.RamboWeaponsPack">ModSupport/Mlie.RamboWeaponsPack</li>
    <li IfModActive="Mlie.RedArmy">ModSupport/Mlie.RedArmy</li>
    <li IfModActive="Mlie.RimGateJaffaKree">ModSupport/Mlie.RimGateJaffaKree</li>
    <li IfModActive="Mlie.RimworldWesternizationProject">ModSupport/Mlie.RimworldWesternizationProject</li>
    <li IfModActive="Mlie.SimpleSlingshot">ModSupport/Mlie.SimpleSlingshot</li>
    <li IfModActive="Mlie.SkavenUpgraded">ModSupport/Mlie.SkavenUpgraded</li>
    <li IfModActive="Mlie.SOS2SpaceGear">ModSupport/Mlie.SOS2SpaceGear</li>
    <li IfModActive="Mlie.StarTrekFederation">ModSupport/Mlie.StarTrekFederation</li>
    <li IfModActive="Mlie.StarWarsFactions">ModSupport/Mlie.StarWarsFactions</li>
    <li IfModActive="Mlie.StarWarsFullyFunctionalLightsabers">ModSupport/Mlie.StarWarsFullyFunctionalLightsabers</li>
    <li IfModActive="Mlie.Swords">ModSupport/Mlie.Swords</li>
    <li IfModActive="Mlie.TacticalChargedGear">ModSupport/Mlie.TacticalChargedGear</li>
    <li IfModActive="Mlie.TheWitcherTrials">ModSupport/Mlie.TheWitcherTrials</li>
    <li IfModActive="Mlie.ThoriumMod">ModSupport/Mlie.ThoriumMod</li>
    <li IfModActive="Mlie.TuskenGearMod">ModSupport/Mlie.TuskenGearMod</li>
    <li IfModActive="Mlie.Westerado">ModSupport/Mlie.Westerado</li>
    <li IfModActive="Mlie.XennRace">ModSupport/Mlie.XennRace</li>
    <li IfModActive="Mlie.TakisRandomStuff">ModSupport/Mlie.TakisRandomStuff</li>
    <li IfModActive="Mlie.CrusadersFaction">ModSupport/Mlie.CrusadersFaction</li>
    <li IfModActive="Mlie.GerrymonsSombrero">ModSupport/Mlie.GerrymonsSombrero</li>
    <li IfModActive="Mlie.Thingamajigs">ModSupport/Mlie.Thingamajigs</li>
    <li IfModActive="VanillaExpanded.VWEL">ModSupport/VanillaExpanded.VWEL</li>
    <li IfModActive="XCOMWeapons.velcroboy333">ModSupport/XCOMWeapons.velcroboy333</li>
    <li IfModActive="shakesthespeare.RimsecSecurity">ModSupport/shakesthespeare.RimsecSecurity</li>
    <li IfModActive="automatic.rimlaser">ModSupport/automatic.rimlaser</li>
    <li IfModActive="PitchStone.HeavyMeleeWeapons.">ModSupport/PitchStone.HeavyMeleeWeapons</li>
    <li IfModActive="CP.Military.Furniture">ModSupport/CP.Military.Furniture</li>
    <li IfModActive="CP.RimmuNation.Weapons">ModSupport/CP.RimmuNation.Weapons</li>
    <li IfModActive="Ogliss.AlienVsPredator">ModSupport/Ogliss.AlienVsPredator</li>
    <li IfModActive="CETeam.CombatExtended">ModSupport/CETeam.CombatExtended</li>
    <li IfModActive="KurtusMob.BosCompendium">ModSupport/KurtusMob.BosCompendium</li>
    <li IfModActive="Aoba.Musket">ModSupport/Aoba.Musket</li>
    <li IfModActive="rimsenal.feral">ModSupport/rimsenal.feral</li>
    <li IfModActive="Harkon.GunNut.Community">ModSupport/Harkon.GunNut.Community</li>
    <li IfModActive="Harkon.GunNut.Chapter1">ModSupport/Harkon.GunNut.Chapter1</li>
    <li IfModActive="Harkon.GunNut.Chapter2">ModSupport/Harkon.GunNut.Chapter2</li>
    <li IfModActive="Harkon.GunNut.ColtAnaconda">ModSupport/Harkon.GunNut.ColtAnaconda</li>
    <li IfModActive="Harkon.GunNut.KSGShotgun">ModSupport/Harkon.GunNut.KSGShotgun</li>
    <li IfModActive="Harkon.GunNut.M97TrenchGun">ModSupport/Harkon.GunNut.M97TrenchGun</li>
    <li IfModActive="RimEffect.Core">ModSupport/RimEffect.Core</li>
    <li IfModActive="RimEffect.ExtendedCut">ModSupport/RimEffect.ExtendedCut</li>
    <li IfModActive="RimEffect.ExtendedCut">ModSupport/RimEffect.ExtendedCut</li>
    <li IfModActive="RimEffect.N7">ModSupport/RimEffect.N7</li>
    <li IfModActive="VanillaExpanded.VWE">ModSupport/VanillaExpanded.VWE</li>
    <li IfModActive="VanillaExpanded.VWEQ">ModSupport/VanillaExpanded.VWEQ</li>
    <li IfModActive="VanillaExpanded.VWEQ">ModSupport/VanillaExpanded.VWEQ</li>
    <li IfModActive="VanillaExpanded.VWEHW">ModSupport/VanillaExpanded.VWEHW</li>
    <li IfModActive="VanillaExpanded.VWEC">ModSupport/VanillaExpanded.VWEC</li>
    <li IfModActive="VanillaExpanded.VWEFT">ModSupport/VanillaExpanded.VWEFT</li>
    <li IfModActive="VanillaExpanded.VWEMS">ModSupport/VanillaExpanded.VWEMS</li>
    <li IfModActive="VanillaExpanded.VWENL">ModSupport/VanillaExpanded.VWENL</li>
    <li IfModActive="VanillaExpanded.VWETB">ModSupport/VanillaExpanded.VWETB</li>
    <li IfModActive="rimsenal.EVP">ModSupport/rimsenal.EVP</li>
    <li IfModActive="PrimitiveProduction.velcroboy333">ModSupport/PrimitiveProduction.velcroboy333</li>
    <li IfModActive="PrimitiveTools.velcroboy333">ModSupport/PrimitiveTools.velcroboy333</li>
    <li IfModActive="andery233xj.mod.BattlefieldSupply">ModSupport/andery233xj.mod.BattlefieldSupply</li>
    <li IfModActive="Simmin.PowerTools">ModSupport/Simmin.PowerTools</li>
    <li IfModActive="OskarPotocki.VanillaFactionsExpanded.MedievalModule">ModSupport/OskarPotocki.VanillaFactionsExpanded.MedievalModule</li>
    <li IfModActive="OskarPotocki.VanillaFactionsExpanded.SettlersModule">ModSupport/OskarPotocki.VanillaFactionsExpanded.SettlersModule</li>
    <li IfModActive="OskarPotocki.VFE.Vikings">ModSupport/OskarPotocki.VFE.Vikings</li>
    <li IfModActive="OskarPotocki.VFE.Insectoid">ModSupport/OskarPotocki.VFE.Insectoid</li>
    <li IfModActive="dkpepper.chargeloadingleeenfield">ModSupport/dkpepper.chargeloadingleeenfield</li>
    <li IfModActive="Kenshi.Armory.Geminingen">ModSupport/Kenshi.Armory.Geminingen</li>
    <li IfModActive="KIT.VFEWeapons">ModSupport/KIT.VFEWeapons</li>
    <li IfModActive="s16.ddm">ModSupport/s16.ddm</li>
    <li IfModActive="Harkon.DF.Dusk">ModSupport/Harkon.DF.Dusk</li>
    <li IfModActive="Eastern.Armory.Geminingen">ModSupport/Eastern.Armory.Geminingen</li>
    <li IfModActive="JangoDsoul.HiggsA.DS">ModSupport/JangoDsoul.HiggsA.DS</li>
    <li IfModActive="JangoDsoul.Mechanized">ModSupport/JangoDsoul.Mechanized</li>
    <li IfModActive="JangoDsoul.TierArmor.Civil">ModSupport/JangoDsoul.TierArmor.Civil</li>
    <li IfModActive="rick.fcpdr">ModSupport/rick.fcpdr</li>
    <li IfModActive="Si.ThrumboHornWeapons">ModSupport/Si.ThrumboHornWeapons</li>
    <li IfModActive="hamster.personacryptech">ModSupport/hamster.personacryptech</li>
    <li IfModActive="JGH.MechanoidBench2">ModSupport/JGH.MechanoidBench2</li>
    <li IfModActive="sarg.geneticrim">ModSupport/sarg.geneticrim</li>
    <li IfModActive="Aelanna.EccentricTech.Flares">ModSupport/Aelanna.EccentricTech.Flares</li>
    <li IfModActive="atomicravioli.crystalloid">ModSupport/atomicravioli.crystalloid</li>
    <li IfModActive="warbanner.warbanner">ModSupport/warbanner.warbanner</li>
    <li IfModActive="alien.arasakacorporation">ModSupport/alien.arasakacorporation</li>
    <li IfModActive="kompadt.warhammer.skaven">ModSupport/kompadt.warhammer.skaven</li>
    <li IfModActive="iluvsilicon.dishonoredarmorandweapons">ModSupport/iluvsilicon.dishonoredarmorandweapons</li>
    <li IfModActive="spino.megafauna">ModSupport/spino.megafauna</li>
    <li IfModActive="jangodsoul.bot.soldier">ModSupport/jangodsoul.bot.soldier</li>
    <li IfModActive="morgante.lotrurukhairacemod">ModSupport/morgante.lotrurukhairacemod</li>
    <li IfModActive="vanillaexpanded.vbrewecandt">ModSupport/vanillaexpanded.vbrewecandt</li>
    <li IfModActive="Atlas.AndroidTiers">ModSupport/Atlas.AndroidTiers</li>
    <li IfModActive="rick.fcpfnvrevolvers">ModSupport/rick.fcpfnvrevolvers</li>
    <li IfModActive="rick.fcpfnvsmg">ModSupport/rick.fcpfnvsmg</li>
    <li IfModActive="rick.fcpfnvarlmg">ModSupport/rick.fcpfnvarlmg</li>
    <li IfModActive="rick.fcpfnvshotguns">ModSupport/rick.fcpfnvshotguns</li>
    <li IfModActive="rick.fcpcre">ModSupport/rick.fcpcre</li>
    <li IfModActive="rick.fcpfnvheavyweapons">ModSupport/rick.fcpfnvheavyweapons</li>
    <li IfModActive="rick.fcpir">ModSupport/rick.fcpir</li>
    <li IfModActive="rick.fcpcoa">ModSupport/rick.fcpcoa</li>
    <li IfModActive="ogliss.gearsofwar.lancer">ModSupport/ogliss.gearsofwar.lancer</li>
    <li IfModActive="rick.fcpfnvpsitols">ModSupport/rick.fcpfnvpsitols</li>
    <li IfModActive="trahspanda.botw.ancientweapons">ModSupport/trahspanda.botw.ancientweapons</li>
    <li IfModActive="xrushha.animagear">ModSupport/xrushha.animagear</li>
    <li IfModActive="4ydra.arsenalofreaction">ModSupport/4ydra.arsenalofreaction</li>
    <li IfModActive="jangodsoul.exileddawn">ModSupport/jangodsoul.exileddawn</li>
    <li IfModActive="DankPyon.Medieval.Overhaul">ModSupport/DankPyon.Medieval.Overhaul</li>
    <li IfModActive="jangodsoul.theforge.caesarlegionarmory">ModSupport/jangodsoul.theforge.caesarlegionarmory</li>
    <li IfModActive="jangodsoul.theforge.ncrarmory">ModSupport/jangodsoul.theforge.ncrarmory</li>
    <li IfModActive="rick.fcpmmet">ModSupport/rick.fcpmmet</li>
    <li IfModActive="rick.fcpccrp">ModSupport/rick.fcpccrp</li>
    <li IfModActive="oskarpotocki.vfe.mechanoid">ModSupport/oskarpotocki.vfe.mechanoid</li>
    <li IfModActive="nazgul.eisenhanspowerarmor">ModSupport/nazgul.eisenhanspowerarmor</li>
    <li IfModActive="morgante.morgantepostapocalypticweaponspack">ModSupport/morgante.morgantepostapocalypticweaponspack</li>
    <li IfModActive="4ydra.arsenalofrevolution">ModSupport/4ydra.arsenalofrevolution</li>
    <li IfModActive="rust.handmade.weapons">ModSupport/rust.handmade.weapons</li>
    <li IfModActive="rick.lunz.fcpmks">ModSupport/rick.lunz.fcpmks</li>
    <li IfModActive="aelanna.eccentrictech.flares2">ModSupport/aelanna.eccentrictech.flares2</li>
  </v1.3>
</loadFolders>