﻿<?xml version="1.0" encoding="utf-8"?>
<Defs>
  <WHands.ClutterHandsTDef>
    <defName>ClutterHandsSettings_HiggsMonaghanArmorSet</defName>
    <label>Weapon hand settings</label>
    <thingClass>Thing</thingClass>
    <WeaponCompLoader>
      <li>
        <MainHand>(-0.162, 0.100, -0.050)</MainHand>
        <SecHand>(0.175, -0.100, -0.027)</SecHand>
        <ThingTargets>
          <li>Higgs_Rifle</li>
          <!-- Higgs Rifle -->
        </ThingTargets>
      </li>
    </WeaponCompLoader>
  </WHands.ClutterHandsTDef>
</Defs>