﻿<?xml version="1.0" encoding="utf-8"?>
<Defs>
  <WHands.ClutterHandsTDef>
    <defName>ClutterHandsSettings_InfinityRimAriadna</defName>
    <label>Weapon hand settings</label>
    <thingClass>Thing</thingClass>
    <WeaponCompLoader>
      <li>
        <MainHand>(-0.342, 0.100, -0.349)</MainHand>
        <ThingTargets>
          <li>MeleeWeapon_APCCW</li>
        </ThingTargets>
      </li>
      <li>
        <MainHand>(-0.245, 0.100, 0.000)</MainHand>
        <ThingTargets>
          <li>MeleeWeapon_APKnife</li>
        </ThingTargets>
      </li>
      <li>
        <MainHand>(-0.153, 0.100, -0.050)</MainHand>
        <SecHand>(0.200, -0.100, -0.096)</SecHand>
        <ThingTargets>
          <li>Gun_APRifle</li>
        </ThingTargets>
      </li>
      <li>
        <MainHand>(-0.227, 0.100, -0.050)</MainHand>
        <SecHand>(0.200, -0.100, -0.068)</SecHand>
        <ThingTargets>
          <li>Gun_APSniperRifle</li>
        </ThingTargets>
      </li>
      <li>
        <MainHand>(-0.074, 0.100, -0.050)</MainHand>
        <ThingTargets>
          <li>Gun_AssaultPistol</li>
        </ThingTargets>
      </li>
      <li>
        <MainHand>(-0.103, 0.100, -0.050)</MainHand>
        <SecHand>(0.260, -0.100, 0.000)</SecHand>
        <ThingTargets>
          <li>Gun_AutoCannon</li>
        </ThingTargets>
      </li>
      <li>
        <MainHand>(-0.245, 0.100, -0.050)</MainHand>
        <SecHand>(0.127, -0.100, -0.064)</SecHand>
        <ThingTargets>
          <li>Gun_BoardingShotgun</li>
        </ThingTargets>
      </li>
      <li>
        <MainHand>(-0.115, 0.100, -0.091)</MainHand>
        <SecHand>(0.200, -0.100, -0.197)</SecHand>
        <ThingTargets>
          <li>Gun_ChainRifle</li>
        </ThingTargets>
      </li>
      <li>
        <MainHand>(-0.140, 0.100, -0.087)</MainHand>
        <ThingTargets>
          <li>Gun_HeavyPistol</li>
        </ThingTargets>
      </li>
      <li>
        <MainHand>(-0.149, 0.100, -0.119)</MainHand>
        <SecHand>(0.200, -0.100, -0.050)</SecHand>
        <ThingTargets>
          <li>Gun_Hishchnik</li>
        </ThingTargets>
      </li>
      <li>
        <MainHand>(0.107, 0.100, 0.019)</MainHand>
        <SecHand>(0.301, -0.100, 0.078)</SecHand>
        <ThingTargets>
          <li>Gun_MissileLauncher</li>
        </ThingTargets>
      </li>
      <li>
        <MainHand>(-0.159, 0.100, -0.114)</MainHand>
        <SecHand>(0.200, -0.100, -0.050)</SecHand>
        <ThingTargets>
          <li>Gun_Molotok</li>
        </ThingTargets>
      </li>
      <li>
        <MainHand>(-0.172, 0.100, -0.050)</MainHand>
        <SecHand>(0.200, -0.100, 0.010)</SecHand>
        <ThingTargets>
          <li>Gun_Ohotnik</li>
        </ThingTargets>
      </li>
      <li>
        <MainHand>(-0.025, 0.100, 0.170)</MainHand>
        <ThingTargets>
          <li>IRA_Vodka</li>
        </ThingTargets>
      </li>
    </WeaponCompLoader>
  </WHands.ClutterHandsTDef>
</Defs>