﻿<?xml version="1.0" encoding="utf-8"?>
<Defs>
  <WHands.ClutterHandsTDef>
    <defName>ClutterHandsSettings_RimEffectExtendedCut</defName>
    <label>Weapon hand settings</label>
    <thingClass>Thing</thingClass>
    <WeaponCompLoader>
      <li>
        <MainHand>(-0.256, 0.100, -0.100)</MainHand>
        <SecHand>(0.156, -0.100, -0.105)</SecHand>
        <ThingTargets>
          <li>RE_Gun_AlliancePrecisionRifle</li>
          <!-- alliance precision rifle -->
        </ThingTargets>
      </li>
      <li>
        <MainHand>(-0.139, 0.100, -0.128)</MainHand>
        <SecHand>(0.221, -0.100, -0.100)</SecHand>
        <ThingTargets>
          <li>RE_Gun_SpacerChakramLauncher</li>
          <!-- chakram launcher -->
        </ThingTargets>
      </li>
      <li>
        <MainHand>(-0.002, 0.100, -0.161)</MainHand>
        <ThingTargets>
          <li>RE_SerriceBrandy</li>
          <!-- serrice brandy -->
        </ThingTargets>
      </li>
      <li>
        <MainHand>(-0.067, 0.100, -0.105)</MainHand>
        <SecHand>(0.267, -0.100, -0.050)</SecHand>
        <ThingTargets>
          <li>RE_Gun_SpacerAssaultRifle</li>
          <!-- spacer assault rifle -->
        </ThingTargets>
      </li>
      <li>
        <MainHand>(-0.072, 0.100, -0.123)</MainHand>
        <SecHand>(0.219, -0.100, -0.050)</SecHand>
        <ThingTargets>
          <li>RE_Gun_SpacerBattleRifle</li>
          <!-- spacer battle rifle -->
        </ThingTargets>
      </li>
      <li>
        <MainHand>(-0.196, 0.100, -0.096)</MainHand>
        <SecHand>(0.200, -0.100, -0.050)</SecHand>
        <ThingTargets>
          <li>RE_Gun_SpacerMarksmanRifle</li>
          <!-- spacer marksman rifle -->
        </ThingTargets>
      </li>
      <li>
        <MainHand>(0.002, 0.100, -0.133)</MainHand>
        <ThingTargets>
          <li>RE_TastyTankard</li>
          <!-- tasty tankard -->
        </ThingTargets>
      </li>
    </WeaponCompLoader>
  </WHands.ClutterHandsTDef>
</Defs>