﻿<?xml version="1.0" encoding="utf-8"?>
<Defs>
  <WHands.ClutterHandsTDef>
    <defName>ClutterHandsSettings_NapoleonicAge</defName>
    <label>Weapon hand settings</label>
    <thingClass>Thing</thingClass>
    <WeaponCompLoader>
      <li>
        <MainHand>(-0.199, 0.100, -0.004)</MainHand>
        <SecHand>(0.200, -0.100, -0.009)</SecHand>
        <ThingTargets>
          <li>BakerRifle</li>
        </ThingTargets>
      </li>
      <li>
        <MainHand>(-0.360, 0.100, -0.023)</MainHand>
        <ThingTargets>
          <li>BritishOfficerSword</li>
        </ThingTargets>
      </li>
      <li>
        <MainHand>(-0.177, 0.100, -0.009)</MainHand>
        <SecHand>(0.200, -0.100, -0.009)</SecHand>
        <ThingTargets>
          <li>BrownBessMusket</li>
        </ThingTargets>
      </li>
      <li>
        <MainHand>(-0.191, 0.100, -0.050)</MainHand>
        <SecHand>(0.200, -0.100, -0.022)</SecHand>
        <ThingTargets>
          <li>CharlevilleMusket</li>
        </ThingTargets>
      </li>
      <li>
        <MainHand>(-0.383, 0.100, -0.023)</MainHand>
        <ThingTargets>
          <li>FrenchBriquet</li>
        </ThingTargets>
      </li>
      <li>
        <MainHand>(-0.209, 0.100, -0.018)</MainHand>
        <SecHand>(0.200, -0.100, -0.022)</SecHand>
        <ThingTargets>
          <li>Potsdam</li>
        </ThingTargets>
      </li>
      <li>
        <MainHand>(-0.374, 0.100, -0.018)</MainHand>
        <ThingTargets>
          <li>PrussianBriquet</li>
        </ThingTargets>
      </li>
    </WeaponCompLoader>
  </WHands.ClutterHandsTDef>
</Defs>