﻿<?xml version="1.0" encoding="utf-8"?>
<Defs>
  <WHands.ClutterHandsTDef>
    <defName>ClutterHandsSettings_HumanoidProject</defName>
    <label>Weapon hand settings</label>
    <thingClass>Thing</thingClass>
    <WeaponCompLoader>
      <li>
        <MainHand>(-0.135, 0.100, -0.119)</MainHand>
        <SecHand>(0.200, -0.100, -0.091)</SecHand>
        <ThingTargets>
          <li>FluxRifle</li>
        </ThingTargets>
      </li>
      <li>
        <MainHand>(-0.041, 0.100, -0.046)</MainHand>
        <ThingTargets>
          <li>CosmosEnergyPistol</li>
        </ThingTargets>
      </li>
      <li>
        <MainHand>(-0.223, 0.100, -0.050)</MainHand>
        <SecHand>(0.200, -0.100, -0.068)</SecHand>
        <ThingTargets>
          <li>CosmosEnergyRifle</li>
        </ThingTargets>
      </li>
      <li>
        <MainHand>(-0.135, 0.100, -0.096)</MainHand>
        <SecHand>(0.200, -0.100, -0.059)</SecHand>
        <ThingTargets>
          <li>CosmosEnergySniper</li>
        </ThingTargets>
      </li>
      <li>
        <MainHand>(-0.172, 0.100, -0.105)</MainHand>
        <SecHand>(0.264, -0.100, -0.105)</SecHand>
        <ThingTargets>
          <li>FluxRifleBlue</li>
        </ThingTargets>
      </li>
      <li>
        <MainHand>(-0.218, 0.100, -0.119)</MainHand>
        <ThingTargets>
          <li>PhasePistolMagma</li>
        </ThingTargets>
      </li>
      <li>
        <MainHand>(-0.233, 0.100, -0.114)</MainHand>
        <ThingTargets>
          <li>PhasePistol</li>
        </ThingTargets>
      </li>
    </WeaponCompLoader>
  </WHands.ClutterHandsTDef>
</Defs>