﻿<?xml version="1.0" encoding="utf-8"?>
<Defs>
  <WHands.ClutterHandsTDef>
    <defName>ClutterHandsSettings_CombatExtended</defName>
    <label>Weapon hand settings</label>
    <thingClass>Thing</thingClass>
    <WeaponCompLoader>
      <li>
        <MainHand>(-0.129, 0.100, -0.050)</MainHand>
        <SecHand>(-0.046, -0.100, 0.128)</SecHand>
        <ThingTargets>
          <li>Gun_BinocularsRadio</li>
          <!-- binoculars -->
        </ThingTargets>
      </li>
      <li>
        <MainHand>(-0.051, 0.100, -0.050)</MainHand>
        <ThingTargets>
          <li>Weapon_GrenadeFirefoam</li>
          <!-- firefoam grenade -->
        </ThingTargets>
      </li>
      <li>
        <MainHand>(-0.056, 0.100, -0.050)</MainHand>
        <ThingTargets>
          <li>Weapon_GrenadeFlashbang</li>
          <!-- flashbang grenade -->
        </ThingTargets>
      </li>
      <li>
        <MainHand>(0.000, 0.100, -0.096)</MainHand>
        <SecHand>(0.256, -0.100, -0.091)</SecHand>
        <ThingTargets>
          <li>CE_GrenadeLauncher</li>
          <!-- grenade launcher -->
        </ThingTargets>
      </li>
      <li>
        <MainHand>(-0.051, 0.100, -0.050)</MainHand>
        <ThingTargets>
          <li>Weapon_GrenadeSmoke</li>
          <!-- smoke grenade -->
        </ThingTargets>
      </li>
      <li>
        <MainHand>(-0.007, 0.100, -0.188)</MainHand>
        <ThingTargets>
          <li>Weapon_GrenadeStickBomb</li>
          <!-- stick bomb -->
        </ThingTargets>
      </li>
    </WeaponCompLoader>
  </WHands.ClutterHandsTDef>
</Defs>