﻿<?xml version="1.0" encoding="utf-8"?>
<Defs>
  <WHands.ClutterHandsTDef>
    <defName>ClutterHandsSettings_DuskArmory</defName>
    <label>Weapon hand settings</label>
    <thingClass>Thing</thingClass>
    <WeaponCompLoader>
      <li>
        <MainHand>(-0.186, 0.100, -0.110)</MainHand>
        <SecHand>(0.200, -0.100, -0.050)</SecHand>
        <ThingTargets>
          <li>DF_Dusk_Carbine</li>
          <!-- Dusk Carbine -->
        </ThingTargets>
      </li>
      <li>
        <MainHand>(-0.154, 0.100, -0.128)</MainHand>
        <ThingTargets>
          <li>DF_Dusk_Enforcer</li>
          <!-- Dusk Enforcer -->
        </ThingTargets>
      </li>
      <li>
        <MainHand>(-0.201, 0.100, 0.028)</MainHand>
        <ThingTargets>
          <li>DF_Dusk_Kris</li>
          <!-- Dusk Kris -->
        </ThingTargets>
      </li>
      <li>
        <MainHand>(-0.266, 0.100, -0.100)</MainHand>
        <SecHand>(0.193, -0.100, -0.064)</SecHand>
        <ThingTargets>
          <li>DF_Dusk_Launcher</li>
          <!-- Dusk Launcher -->
        </ThingTargets>
      </li>
      <li>
        <MainHand>(-0.226, 0.100, -0.105)</MainHand>
        <SecHand>(0.200, -0.100, -0.050)</SecHand>
        <ThingTargets>
          <li>DF_Dusk_MAG</li>
          <!-- Dusk MAG -->
        </ThingTargets>
      </li>
      <li>
        <MainHand>(-0.374, 0.100, 0.036)</MainHand>
        <ThingTargets>
          <li>DF_Dusk_Razor</li>
          <!-- Dusk Razor -->
        </ThingTargets>
      </li>
      <li>
        <MainHand>(-0.314, 0.100, 0.065)</MainHand>
        <SecHand>(-0.152, -0.100, 0.138)</SecHand>
        <ThingTargets>
          <li>DF_Dusk_Saw</li>
          <!-- Dusk Saw -->
        </ThingTargets>
      </li>
      <li>
        <MainHand>(-0.105, 0.100, -0.119)</MainHand>
        <SecHand>(0.260, -0.100, -0.022)</SecHand>
        <ThingTargets>
          <li>DF_Dusk_SMG</li>
          <!-- Dusk SMG -->
        </ThingTargets>
      </li>
      <li>
        <MainHand>(-0.131, 0.100, -0.100)</MainHand>
        <SecHand>(0.214, -0.100, -0.078)</SecHand>
        <ThingTargets>
          <li>DF_Dusk_Striker</li>
          <!-- Dusk Striker -->
        </ThingTargets>
      </li>
    </WeaponCompLoader>
  </WHands.ClutterHandsTDef>
</Defs>