﻿<?xml version="1.0" encoding="utf-8"?>
<Defs>
  <WHands.ClutterHandsTDef>
    <defName>ClutterHandsSettings_MorgantePostApocalypticWeaponsPack</defName>
    <label>Weapon hand settings</label>
    <thingClass>Thing</thingClass>
    <WeaponCompLoader>
      <li>
        <MainHand>(-0.152, 0.100, -0.110)</MainHand>
        <ThingTargets>
          <li>MORG_2SHOTS</li>
          <!-- Double Shot Makeshift Pistol -->
        </ThingTargets>
      </li>
      <li>
        <MainHand>(0.008, 0.100, -0.050)</MainHand>
        <SecHand>(0.351, -0.100, -0.050)</SecHand>
        <ThingTargets>
          <li>MORG_GUTTER</li>
          <!-- Gutter Gun -->
        </ThingTargets>
      </li>
      <li>
        <MainHand>(-0.167, 0.100, -0.050)</MainHand>
        <SecHand>(0.154, -0.100, -0.050)</SecHand>
        <ThingTargets>
          <li>MORG_makeshiftGL</li>
          <!-- Makeshift Grenade Rifle -->
        </ThingTargets>
      </li>
      <li>
        <MainHand>(-0.146, 0.100, -0.068)</MainHand>
        <SecHand>(0.329, -0.100, -0.119)</SecHand>
        <ThingTargets>
          <li>MORG_MRGL</li>
          <!-- Makeshift Repeater Grenade Rifle -->
        </ThingTargets>
      </li>
      <li>
        <MainHand>(-0.156, 0.100, -0.050)</MainHand>
        <SecHand>(0.200, -0.100, -0.050)</SecHand>
        <ThingTargets>
          <li>MORG_REAPER</li>
          <!-- Makeshift Shotgun "Reaper" -->
        </ThingTargets>
      </li>
      <li>
        <MainHand>(-0.112, 0.100, -0.050)</MainHand>
        <SecHand>(0.333, -0.100, -0.078)</SecHand>
        <ThingTargets>
          <li>MORG_SMG</li>
          <!-- Makeshift SMG -->
        </ThingTargets>
      </li>
      <li>
        <MainHand>(-0.115, 0.100, -0.161)</MainHand>
        <ThingTargets>
          <li>MORG_PomodoriPelati</li>
          <!-- Makeshift Tin Can Pomodori Pelati -->
        </ThingTargets>
      </li>
      <li>
        <MainHand>(-0.250, 0.100, -0.064)</MainHand>
        <SecHand>(0.090, -0.100, -0.027)</SecHand>
        <ThingTargets>
          <li>MORG_VARMINT</li>
          <!-- Makeshift Varmint Rifle -->
        </ThingTargets>
      </li>
      <li>
        <MainHand>(-0.211, 0.100, -0.133)</MainHand>
        <SecHand>(0.150, -0.100, -0.142)</SecHand>
        <ThingTargets>
          <li>MORG_RAMRifle</li>
          <!-- Raider Anti-MAterial Rifle -->
        </ThingTargets>
      </li>
      <li>
        <MainHand>(-0.169, 0.100, -0.142)</MainHand>
        <SecHand>(0.124, -0.100, -0.050)</SecHand>
        <ThingTargets>
          <li>MORG_MOLTEN</li>
          <!-- Raider Molten Cannon -->
        </ThingTargets>
      </li>
      <li>
        <MainHand>(-0.411, 0.100, 0.092)</MainHand>
        <SecHand>(-0.167, -0.100, 0.088)</SecHand>
        <ThingTargets>
          <li>MORG_RHM250A</li>
          <!-- Raiders Heavy Machinegun -->
        </ThingTargets>
      </li>
      <li>
        <MainHand>(-0.111, 0.100, -0.115)</MainHand>
        <ThingTargets>
          <li>MORG_STAPLE</li>
          <!-- Staple Auto Pistol -->
        </ThingTargets>
      </li>
    </WeaponCompLoader>
  </WHands.ClutterHandsTDef>
</Defs>