﻿<?xml version="1.0" encoding="utf-8"?>
<Defs>
  <WHands.ClutterHandsTDef>
    <defName>ClutterHandsSettings_RustHandmadeWeapons</defName>
    <label>Weapon hand settings</label>
    <thingClass>Thing</thingClass>
    <WeaponCompLoader>
      <li>
        <MainHand>(-0.153, 0.100, -0.087)</MainHand>
        <SecHand>(0.161, -0.100, -0.050)</SecHand>
        <ThingTargets>
          <li>Rust_AssaultRifleAK</li>
          <!-- assault rifle -->
        </ThingTargets>
      </li>
      <li>
        <MainHand>(-0.253, 0.100, -0.050)</MainHand>
        <SecHand>(0.083, -0.100, -0.050)</SecHand>
        <ThingTargets>
          <li>Rust_BoltAction</li>
          <!-- bolt-action rifle -->
        </ThingTargets>
      </li>
      <li>
        <MainHand>(-0.099, 0.100, -0.123)</MainHand>
        <SecHand>(0.145, -0.100, -0.078)</SecHand>
        <ThingTargets>
          <li>Rust_CustomSMG</li>
          <!-- custom SMG -->
        </ThingTargets>
      </li>
      <li>
        <MainHand>(-0.091, 0.100, -0.041)</MainHand>
        <SecHand>(0.200, -0.100, -0.050)</SecHand>
        <ThingTargets>
          <li>Rust_Doublebarrel</li>
          <!-- double barrel shotgun -->
        </ThingTargets>
      </li>
      <li>
        <MainHand>(-0.183, 0.100, -0.050)</MainHand>
        <ThingTargets>
          <li>Rust_eoka</li>
          <!-- eoka -->
        </ThingTargets>
      </li>
      <li>
        <MainHand>(-0.141, 0.100, -0.055)</MainHand>
        <ThingTargets>
          <li>Rust_revolver</li>
          <!-- revolver -->
        </ThingTargets>
      </li>
      <li>
        <MainHand>(-0.131, 0.100, -0.091)</MainHand>
        <SecHand>(0.138, -0.100, -0.123)</SecHand>
        <ThingTargets>
          <li>Rust_Rocketlauncher</li>
          <!-- rocket launcher -->
        </ThingTargets>
      </li>
      <li>
        <MainHand>(-0.154, 0.100, -0.091)</MainHand>
        <SecHand>(0.259, -0.100, -0.032)</SecHand>
        <ThingTargets>
          <li>Rust_SAR</li>
          <!-- semi automatic rifle -->
        </ThingTargets>
      </li>
      <li>
        <MainHand>(-0.060, 0.100, -0.060)</MainHand>
        <ThingTargets>
          <li>Rust_semiautomaticpistol</li>
          <!-- semi-automatic pistol -->
        </ThingTargets>
      </li>
      <li>
        <MainHand>(-0.039, 0.100, -0.050)</MainHand>
        <SecHand>(0.296, -0.100, -0.022)</SecHand>
        <ThingTargets>
          <li>Rust_Thompson</li>
          <!-- thompson -->
        </ThingTargets>
      </li>
      <li>
        <MainHand>(-0.092, 0.100, -0.105)</MainHand>
        <SecHand>(0.193, -0.100, -0.073)</SecHand>
        <ThingTargets>
          <li>Rust_Waterpipe</li>
          <!-- waterpipe shotgun -->
        </ThingTargets>
      </li>
    </WeaponCompLoader>
  </WHands.ClutterHandsTDef>
</Defs>