﻿<?xml version="1.0" encoding="utf-8"?>
<Defs>
  <WHands.ClutterHandsTDef>
    <defName>ClutterHandsSettings_VanillaWeaponsExpandedCoilguns</defName>
    <label>Weapon hand settings</label>
    <thingClass>Thing</thingClass>
    <WeaponCompLoader>
      <li>
        <MainHand>(-0.500, 0.100, 0.175)</MainHand>
        <SecHand>(-0.116, -0.100, 0.230)</SecHand>
        <ThingTargets>
          <li>VWE_Gun_GaussLance</li>
          <!-- gauss lance -->
        </ThingTargets>
      </li>
      <li>
        <MainHand>(-0.189, 0.100, -0.046)</MainHand>
        <ThingTargets>
          <li>VWE_Gun_GaussMagnum</li>
          <!-- gauss magnum -->
        </ThingTargets>
      </li>
      <li>
        <MainHand>(-0.300, 0.100, -0.050)</MainHand>
        <SecHand>(0.198, -0.100, -0.009)</SecHand>
        <ThingTargets>
          <li>VWE_Gun_GaussRifle</li>
          <!-- gauss rifle -->
        </ThingTargets>
      </li>
    </WeaponCompLoader>
  </WHands.ClutterHandsTDef>
</Defs>