﻿<?xml version="1.0" encoding="utf-8"?>
<Defs>
  <WHands.ClutterHandsTDef>
    <defName>ClutterHandsSettings_RimsenalFeralFactionPack</defName>
    <label>Weapon hand settings</label>
    <thingClass>Thing</thingClass>
    <WeaponCompLoader>
      <li>
        <MainHand>(-0.112, 0.100, 0.014)</MainHand>
        <ThingTargets>
          <li>Gun_RatStick</li>
          <!-- feral rat sticks -->
        </ThingTargets>
      </li>
      <li>
        <MainHand>(-0.197, 0.100, -0.050)</MainHand>
        <SecHand>(0.117, -0.100, -0.009)</SecHand>
        <ThingTargets>
          <li>Gun_Thrasher</li>
          <!-- feral rifle -->
        </ThingTargets>
      </li>
      <li>
        <MainHand>(-0.217, 0.100, -0.141)</MainHand>
        <SecHand>(0.063, -0.100, -0.128)</SecHand>
        <ThingTargets>
          <li>Gun_Thumper</li>
          <!-- feral rocket launcher -->
        </ThingTargets>
      </li>
      <li>
        <MainHand>(-0.190, 0.100, -0.041)</MainHand>
        <SecHand>(0.154, -0.100, -0.059)</SecHand>
        <ThingTargets>
          <li>Gun_ScatterStick</li>
          <!-- feral scattergun -->
        </ThingTargets>
      </li>
      <li>
        <MainHand>(-0.174, 0.100, -0.238)</MainHand>
        <SecHand>(0.007, -0.100, 0.157)</SecHand>
        <ThingTargets>
          <li>Gun_Deathdealer</li>
          <!-- feral submachine guns -->
        </ThingTargets>
      </li>
      <li>
        <MainHand>(-0.142, 0.100, -0.161)</MainHand>
        <SecHand>(0.000, -0.100, 0.212)</SecHand>
        <ThingTargets>
          <li>Gun_Scraptooth</li>
          <!-- feral pistols -->
        </ThingTargets>
      </li>
      <li>
        <MainHand>(-0.253, 0.100, -0.234)</MainHand>
        <SecHand>(-0.018, -0.100, 0.202)</SecHand>
        <ThingTargets>
          <li>Gun_Gnasher</li>
          <!-- feral nail gun -->
        </ThingTargets>
      </li>
      <li>
        <MainHand>(-0.338, 0.100, -0.082)</MainHand>
        <SecHand>(0.097, -0.100, -0.142)</SecHand>
        <ThingTargets>
          <li>Gun_Scorcher</li>
          <!-- feral flamethrower -->
        </ThingTargets>
      </li>
      <li>
        <MainHand>(-0.490, 0.100, 0.037)</MainHand>
        <SecHand>(-0.062, -0.100, 0.244)</SecHand>
        <ThingTargets>
          <li>Gun_SkullBuster</li>
          <!-- feral crank gun -->
        </ThingTargets>
      </li>
      <li>
        <MainHand>(-0.328, 0.100, -0.096)</MainHand>
        <SecHand>(0.034, -0.100, -0.049)</SecHand>
        <ThingTargets>
          <li>Gun_Crucifier</li>
          <!-- feral anti-material rifle -->
        </ThingTargets>
      </li>
      <li>
        <MainHand>(-0.007, 0.100, -0.133)</MainHand>
        <ThingTargets>
          <li>MeleeWeapon_FeralCleaver</li>
          <!-- cleaver -->
        </ThingTargets>
      </li>
      <li>
        <MainHand>(0.062, 0.100, -0.257)</MainHand>
        <SecHand>(-0.028, -0.100, 0.128)</SecHand>
        <ThingTargets>
          <li>Carver</li>
          <!-- carver -->
        </ThingTargets>
      </li>
      <li>
        <MainHand>(0.009, -0.100, -0.055)</MainHand>
        <ThingTargets>
          <li>Weapon_MADness</li>
          <!-- MADness -->
        </ThingTargets>
      </li>
    </WeaponCompLoader>
  </WHands.ClutterHandsTDef>
</Defs>