﻿<?xml version="1.0" encoding="utf-8"?>
<Defs>
  <WHands.ClutterHandsTDef>
    <defName>ClutterHandsSettings_RimEffectNSeven</defName>
    <label>Weapon hand settings</label>
    <thingClass>Thing</thingClass>
    <WeaponCompLoader>
      <li>
        <MainHand>(-0.277, 0.100, -0.050)</MainHand>
        <SecHand>(0.200, -0.100, -0.050)</SecHand>
        <ThingTargets>
          <li>REN7_Gun_N7AntimaterielRifle</li>
          <!-- N7 anti-materiel rifle -->
        </ThingTargets>
      </li>
      <li>
        <MainHand>(-0.036, 0.100, -0.156)</MainHand>
        <SecHand>(0.273, -0.100, -0.100)</SecHand>
        <ThingTargets>
          <li>REN7_Gun_N7BattleRifle</li>
          <!-- N7 battle rifle -->
        </ThingTargets>
      </li>
      <li>
        <MainHand>(-0.171, 0.100, -0.142)</MainHand>
        <SecHand>(0.195, -0.100, -0.206)</SecHand>
        <ThingTargets>
          <li>REN7_Gun_N7BlackHoleGenerator</li>
          <!-- N7 black hole generator -->
        </ThingTargets>
      </li>
      <li>
        <MainHand>(-0.300, 0.100, -0.022)</MainHand>
        <ThingTargets>
          <li>REN7_MeleeWeapon_N7Blade</li>
          <!-- N7 blade -->
        </ThingTargets>
      </li>
      <li>
        <MainHand>(-0.251, 0.100, -0.188)</MainHand>
        <SecHand>(0.191, -0.100, -0.151)</SecHand>
        <ThingTargets>
          <li>REN7_Gun_N7ChainShotgun</li>
          <!-- N7 chain shotgun -->
        </ThingTargets>
      </li>
      <li>
        <MainHand>(-0.207, 0.100, -0.073)</MainHand>
        <SecHand>(0.200, -0.100, -0.050)</SecHand>
        <ThingTargets>
          <li>REN7_Gun_N7DMR</li>
          <!-- N7 DMR -->
        </ThingTargets>
      </li>
      <li>
        <MainHand>(-0.214, 0.100, -0.050)</MainHand>
        <SecHand>(0.094, -0.100, -0.211)</SecHand>
        <ThingTargets>
          <li>REN7_Gun_N7LMG</li>
          <!-- N7 LMG -->
        </ThingTargets>
      </li>
      <li>
        <MainHand>(-0.149, 0.100, -0.078)</MainHand>
        <ThingTargets>
          <li>RE_Gun_N7Pistol</li>
          <!-- N7 pistol -->
        </ThingTargets>
      </li>
      <li>
        <MainHand>(-0.243, 0.100, -0.160)</MainHand>
        <SecHand>(0.209, -0.100, -0.119)</SecHand>
        <ThingTargets>
          <li>REN7_Gun_N7Shotgun</li>
          <!-- N7 shotgun -->
        </ThingTargets>
      </li>
      <li>
        <MainHand>(-0.131, 0.100, -0.106)</MainHand>
        <SecHand>(0.161, -0.100, -0.151)</SecHand>
        <ThingTargets>
          <li>REN7_Gun_N7SMG</li>
          <!-- N7 SMG -->
        </ThingTargets>
      </li>
    </WeaponCompLoader>
  </WHands.ClutterHandsTDef>
</Defs>