﻿<?xml version="1.0" encoding="utf-8"?>
<Defs>
  <WHands.ClutterHandsTDef>
    <defName>ClutterHandsSettings_BattlefieldSupply</defName>
    <label>Weapon hand settings</label>
    <thingClass>Thing</thingClass>
    <WeaponCompLoader>
      <li>
        <MainHand>(-0.240, 0.100, -0.082)</MainHand>
        <SecHand>(0.074, -0.100, -0.013)</SecHand>
        <ThingTargets>
          <li>XFXF_Gun_BiologicalRifle</li>
          <!-- biological rifle -->
        </ThingTargets>
      </li>
    </WeaponCompLoader>
  </WHands.ClutterHandsTDef>
</Defs>