﻿<?xml version="1.0" encoding="utf-8"?>
<Defs>
  <WHands.ClutterHandsTDef>
    <defName>ClutterHandsSettings_PersonaCryptech</defName>
    <label>Weapon hand settings</label>
    <thingClass>Thing</thingClass>
    <WeaponCompLoader>
      <li>
        <MainHand>(-0.209, 0.100, -0.106)</MainHand>
        <SecHand>(0.133, -0.100, -0.106)</SecHand>
        <ThingTargets>
          <li>VFEV_BondCryptoLightCrossbow</li>
          <!-- persona crypto crossbow -->
        </ThingTargets>
      </li>
      <li>
        <MainHand>(-0.032, 0.100, -0.161)</MainHand>
        <ThingTargets>
          <li>VFEV_BondCryptoLightAxe</li>
          <!-- persona crypto hatchet -->
        </ThingTargets>
      </li>
      <li>
        <MainHand>(-0.200, 0.100, -0.110)</MainHand>
        <SecHand>(0.218, -0.100, -0.100)</SecHand>
        <ThingTargets>
          <li>VFEV_BondCryptoHeavyCrossbow</li>
          <!-- persona crypto heavy crossbow -->
        </ThingTargets>
      </li>
      <li>
        <MainHand>(-0.162, 0.100, -0.077)</MainHand>
        <ThingTargets>
          <li>VFEV_BondCryptoPistol</li>
          <!-- persona crypto pistol -->
        </ThingTargets>
      </li>
      <li>
        <MainHand>(-0.116, 0.100, -0.165)</MainHand>
        <SecHand>(0.225, -0.100, -0.123)</SecHand>
        <ThingTargets>
          <li>VFEV_BondCryptoRifle</li>
          <!-- persona crypto rifle -->
        </ThingTargets>
      </li>
      <li>
        <MainHand>(-0.268, 0.100, 0.060)</MainHand>
        <ThingTargets>
          <li>VFEV_BondCryptoHeavyAxe</li>
          <!-- persona heavy crypto axe -->
        </ThingTargets>
      </li>
    </WeaponCompLoader>
  </WHands.ClutterHandsTDef>
</Defs>