﻿<?xml version="1.0" encoding="utf-8"?>
<Defs>
  <WHands.ClutterHandsTDef>
    <defName>ClutterHandsSettings_CactaceaeContinued</defName>
    <label>Weapon hand settings</label>
    <thingClass>Thing</thingClass>
    <WeaponCompLoader>
      <li>
        <MainHand>(-0.284, 0.100, 0.010)</MainHand>
        <SecHand>(-0.048, -0.100, 0.000)</SecHand>
        <ThingTargets>
          <li>CactoidBlowgun</li>
          <!-- blowgun -->
        </ThingTargets>
      </li>
      <li>
        <MainHand>(-0.314, 0.100, 0.000)</MainHand>
        <ThingTargets>
          <li>MeleeWeapon_LongNeedle</li>
          <!-- long needle -->
        </ThingTargets>
      </li>
    </WeaponCompLoader>
  </WHands.ClutterHandsTDef>
</Defs>