﻿<?xml version="1.0" encoding="utf-8"?>
<Defs>
  <WHands.ClutterHandsTDef>
    <defName>ClutterHandsSettings_GonewiththeRimwave</defName>
    <label>Weapon hand settings</label>
    <thingClass>Thing</thingClass>
    <WeaponCompLoader>
      <li>
        <MainHand>(-0.181, 0.100, -0.123)</MainHand>
        <SecHand>(0.200, -0.100, -0.050)</SecHand>
        <ThingTargets>
          <li>Gun_GWBAdvancedWastelandRifle</li>
        </ThingTargets>
      </li>
      <li>
        <MainHand>(-0.193, 0.100, -0.123)</MainHand>
        <SecHand>(0.172, -0.100, -0.109)</SecHand>
        <ThingTargets>
          <li>Gun_GWBWastelandFlamer</li>
        </ThingTargets>
      </li>
      <li>
        <MainHand>(-0.158, 0.100, -0.119)</MainHand>
        <SecHand>(0.200, -0.100, -0.050)</SecHand>
        <ThingTargets>
          <li>Gun_GWBWastelandLMG</li>
        </ThingTargets>
      </li>
      <li>
        <MainHand>(-0.153, 0.100, -0.114)</MainHand>
        <SecHand>(0.200, -0.100, -0.050)</SecHand>
        <ThingTargets>
          <li>Gun_GWBWastelandRifle</li>
        </ThingTargets>
      </li>
      <li>
        <MainHand>(-0.165, 0.100, -0.119)</MainHand>
        <SecHand>(0.200, -0.100, -0.050)</SecHand>
        <ThingTargets>
          <li>Gun_GWBWastelandSniper</li>
        </ThingTargets>
      </li>
      <li>
        <MainHand>(-0.162, 0.100, -0.110)</MainHand>
        <SecHand>(0.200, -0.100, -0.050)</SecHand>
        <ThingTargets>
          <li>Gun_GWBWastelandRifleWireframe</li>
        </ThingTargets>
      </li>
    </WeaponCompLoader>
  </WHands.ClutterHandsTDef>
</Defs>